<?xml version="1.0" encoding="UTF-8"?>
<!DOCTYPE Package PUBLIC " " "https://raw.githubusercontent.com/AgriculturalModelExchangeInitiative/crop2ml/master/package.dtd">
<!-- crop2mlversion : used to specify which version of crop2ml DTD models are conformed to-->
<Package name="SQ.EnergyBalance" version="1.0" license="MIT" crop2mlVersion="1.0.0">
    <Authors>
        <FirstAndLastName>Peter D. Jamieson, Glen S. Francis, Derick R. Wilson, Robert J. Martin</FirstAndLastName>
        <Institution>New Zealand Institute for Crop and Food Research Ltd.,
            New Zealand Institute for Crop and Food Research Ltd.,
            New Zealand Institute for Crop and Food Research Ltd.,
            New Zealand Institute for Crop and Food Research Ltd.
        </Institution>
    </Authors>
    <Encoders>
        <FirstAndLastName>Cyrille MIDINGOYI</FirstAndLastName>
        <Institution> INRAE Montplellier</Institution>  
        <Email> cyrille.midingoyi@inrae.fr </Email>
    </Encoders>
    <Features>
        <TypeOfModel type="Modular"/>
        <IsPartOfLargerModel YesOrNo="Yes" name = "Wheat SiriusQuality Model" />
        <ValidatedWithCropMStudio YesOrNo="Yes" />
        <SourceRepository src="https://github.com/Crop2ML-Catalog/SQ_Energy_Balance" />
    </Features>
    <Doc>
        <file></file>
    </Doc>
    <Transformation path="/src">
        <Languages>
            <pyx />
            <py />
            <cs />
            <java />
            <f90 />                
            <cpp />
            <r />
        </Languages>
        <Platforms>
            <openalea />
            <bioma />
            <simplace/>
            <record />
            <dssat />
            <stics />
            <sirius />            
        </Platforms>
    </Transformation>
</Package>
