<?xml version="1.0" encoding="UTF-8"?>
<!DOCTYPE ModelUnit PUBLIC " " "https://raw.githubusercontent.com/AgriculturalModelExchangeInitiative/crop2ml/master/ModelUnit.dtd">
<ModelUnit modelid="SQ.WheatPhenology.ShootNumber" name="ShootNumber" timestep="1" version="1.0">
    <Description>
        <Title>CalculateShootNumber Model</Title>
        <Authors>Pierre MARTRE</Authors>
        <Institution>INRA/LEPSE Montpellier</Institution>
        <Reference>Modeling development phase in the 
                Wheat Simulation Model SiriusQuality.
                See documentation at http://www1.clermont.inra.fr/siriusquality/?page_id=427</Reference>
        <Abstract>calculate the shoot number and update the related variables if needed</Abstract>
    </Description>
    <Inputs>
        <Input name="canopyShootNumber_t1" description="shoot number for the whole canopy" variablecategory="state" datatype="DOUBLE" min="0" max="10000" default="288.0" unit="shoot m-2" inputtype="variable"/>
        <Input name="leafNumber" description="Leaf number " variablecategory="state" inputtype ="variable" datatype="DOUBLE" min="0" max="10000" default="3.34" unit="leaf" />
        <Input name="sowingDensity" description="number of plant /m²" parametercategory="species" datatype="DOUBLE" min="0" max="500" default="288.0" unit="plant m-2"  inputtype = "parameter"/>
        <Input name="targetFertileShoot" description="max value of shoot number for the canopy" parametercategory="species" datatype="DOUBLE" min="280" max="1000" default="600.0" unit="shoot" inputtype = "variable"/>
        <Input name="tilleringProfile_t1" description=" store the amount of new tiller created at each time a new tiller appears" variablecategory="state" datatype="DOUBLELIST"  default="[288.0]" unit=""  inputtype="variable"/>
		<Input name="leafTillerNumberArray_t1" description="store the number of tiller for each leaf layer" variablecategory="state"  datatype="INTLIST" unit="leaf" default ="[1, 1, 1]"  inputtype="variable"/>
		<Input name="numberTillerCohort_t1" description=" Number of tiller which appears" variablecategory="state" datatype="INT" min="0" max="10000" default="1"  unit=""  inputtype="variable"/>
    </Inputs>
    <Outputs>
        <Output name="averageShootNumberPerPlant" description="average shoot number per plant in the canopy" variablecategory="state"  datatype="DOUBLE" min="0" max="10000"  unit="shoot m-2" />
        <Output name="canopyShootNumber" description="shoot number for the whole canopy" variablecategory="state"  datatype="DOUBLE" min="0" max="10000"  unit="shoot m-2" />
		<Output name="leafTillerNumberArray" description="store the number of tiller for each leaf layer" variablecategory="state"   datatype="INTLIST" unit="leaf" />
        <Output name="tilleringProfile" description=" store the amount of new tiller created at each time a new tiller appears" variablecategory="state"  datatype="DOUBLELIST"   unit="dimensionless" />
        <Output name="numberTillerCohort" description="Number of tiller which appears" variablecategory="state"  datatype="INT" min="0" max="10000"  unit="dimensionless" />
   	
    </Outputs>
    <Initialization name = "init_ShootNumber" language="Cyml" filename="algo/pyx/init.ShootNumber.pyx"/>  
   
    <Function name = "fibonacci" language="Cyml" type="internal" filename="algo/pyx/Fibonacci.pyx" description="calculate fibonacci number"/>  

    <Algorithm  language="Cyml" platform="" filename="algo/pyx/ShootNumber.pyx" />

    <Parametersets>
        <Parameterset name="wheat" description="some values in there" >
        	<Param name="targetFertileShoot">600.0</Param>
        	<Param name="sowingDensity">288.0</Param>
        </Parameterset>
     </Parametersets>
     <Testsets>
        <Testset name="check wheat model1" parameterset = "wheat" description="some values in there" >
        	<Test name ="test_wheat1">
        		<InputValue name="canopyShootNumber_t1" >288.0</InputValue>
				<InputValue name="leafNumber">3.34348137255</InputValue>				
				<InputValue name="leafTillerNumberArray_t1">[1, 1, 1]</InputValue>
				<InputValue name="tilleringProfile_t1" >[288.0]</InputValue>
				<OutputValue name="averageShootNumberPerPlant" precision ="2">2</OutputValue>
				<OutputValue name="canopyShootNumber" precision="1" >576</OutputValue>				
				<OutputValue name="leafTillerNumberArray" >[1, 1, 1, 2]</OutputValue>
				<OutputValue name="tilleringProfile" precision ="2">[288.0, 288.0]</OutputValue>
				<OutputValue name="numberTillerCohort">2</OutputValue>
       	
        	</Test>
        </Testset>
      </Testsets>
 	
</ModelUnit>
