<?xml version="1.0" encoding="UTF-8"?>
<!DOCTYPE ModelUnit PUBLIC " " "https://raw.githubusercontent.com/AgriculturalModelExchangeInitiative/crop2ml/master/ModelUnit.dtd">
<ModelUnit modelid="SQ.WheatPhenology.PhylSowingDateCorrection" name="PhylSowingDateCorrection" timestep="1" version="1.0">
    <Description>
        <Title>PhylSowingDateCorrection Model</Title>
        <Authors>Loic Manceau</Authors>
        <Institution>INRA Montpellier</Institution>
        <Reference>Modeling development phase in the 
                Wheat Simulation Model SiriusQuality.
                See documentation at http://www1.clermont.inra.fr/siriusquality/?page_id=427</Reference>
        <Abstract>Correction of the Phyllochron Varietal parameter according to sowing date </Abstract>
    </Description>
    <Inputs>
        <Input name="sowingDay" description="Day of Year at sowing" parametercategory="species" datatype="INT" min="1" max="365" default="1" unit="d" uri="some url" inputtype = "parameter"/>
        <Input name="latitude" description="Latitude" parametercategory="soil" datatype="DOUBLE" min="-90" max="90" default="0.0" unit="°" uri="some url" inputtype = "parameter"/>
        <Input name="sDsa_sh" description="Sowing date at which Phyllochrone is maximum in southern hemispher" parametercategory="species" inputtype="parameter" datatype="DOUBLE" min="1" max="365" default="1.0" unit="d" uri="some url"/>
        <Input name="rp" description="Rate of change of Phyllochrone with sowing date" parametercategory="species" inputtype="parameter" datatype="DOUBLE" min="0" max="365" default="0" unit="d-1" uri="some url"/>
        <Input name="sDws" description="Sowing date at which Phyllochrone is minimum" parametercategory="species" datatype="INT" default="1" min="1" max="365" unit="d" uri="some url" inputtype="parameter"/>
        <Input name="sDsa_nh" description="Sowing date at which Phyllochrone is maximum in northern hemispher" parametercategory="species" datatype="DOUBLE" default="1.0" min="1" max="365" unit="d" uri="some url" inputtype="parameter"/>           
        <Input name="p" description="Phyllochron (Varietal parameter)" parametercategory="species" datatype="DOUBLE" default="120" min="0" max="1000" unit="°C d leaf-1" uri="some url" inputtype="parameter"/>
     
    </Inputs>
    <Outputs>
        <Output name="fixPhyll" description=" Phyllochron Varietal parameter " variablecategory="auxiliary" datatype="DOUBLE" min="0" max="1000"  unit="°C d leaf-1" />
    	
    </Outputs>

	<Algorithm  language="Cyml" platform="" filename="algo/pyx/PhylSowingDateCorrection.pyx" />

    <Parametersets>
        <Parameterset name="wheat" description="some values in there" >
        	<Param name="sowingDay">80</Param>
        	<Param name="latitude">33.069</Param>
        	<Param name="sDsa_sh">151</Param>
        	<Param name="rp">0.003</Param>
            <Param name="sDws">90</Param>
            <Param name="sDsa_nh">200</Param>
            <Param name="p">120</Param>
        </Parameterset>

     </Parametersets>
     <Testsets>
        <Testset name="check wheat model1" parameterset = "wheat" description="some values in there" >
        	<Test name ="test_wheat1">
				<OutputValue name="fixPhyll" precision ="2">91.2</OutputValue>
        	</Test>
        </Testset>

      </Testsets>
 	
</ModelUnit>
