<?xml version="1.0" encoding="UTF-8"?>
<!DOCTYPE ModelUnit PUBLIC " " "https://raw.githubusercontent.com/AgriculturalModelExchangeInitiative/crop2ml/master/ModelUnit.dtd">
<ModelUnit modelid="SQ.EnergyBalance.PtSoil" name="PtSoil" timestep="1" version="1.0">
    <Description>
        <Title>PtSoil EnergyLimitedEvaporation Model</Title>
        <Authors>Pierre Martre</Authors>
        <Institution>INRA Montpellier</Institution>
        <Reference>Modelling energy balance in the wheat crop model SiriusQuality2:
            Evapotranspiration and canopy and soil temperature calculations</Reference>
        <Abstract>Evaporation from the soil in the energy-limited stage </Abstract>
    </Description>
    <Inputs>

        <Input name="evapoTranspirationPriestlyTaylor" description="evapoTranspiration Priestly Taylor" variablecategory="rate"  datatype="DOUBLE" default="120" min="0" max="1000" unit="g m-2 d-1" uri="http://www1.clermont.inra.fr/siriusquality/?page_id=547" inputtype="variable"/>
        <Input name="Alpha" description="Priestley-Taylor evapotranspiration proportionality constant" parametercategory="constant"  datatype="DOUBLE" default="1.5" min="0" max="100" unit="" uri="http://www1.clermont.inra.fr/siriusquality/?page_id=547" inputtype="parameter"/>
        <Input name="tau" description="plant cover factor" parametercategory="species" datatype="DOUBLE" default="0.9983" min="0" max="100" unit="" uri="http://www1.clermont.inra.fr/siriusquality/?page_id=547" inputtype="parameter"/>
        <Input name="tauAlpha" description="Fraction of the total net radiation exchanged at the soil surface when AlpaE = 1" parametercategory="soil" datatype="DOUBLE" default="0.3" min="0" max="1" unit="" uri="http://www1.clermont.inra.fr/siriusquality/?page_id=547" inputtype="parameter"/>

    </Inputs>
    <Outputs>

        <Output name="energyLimitedEvaporation" description="energy Limited Evaporation " variablecategory="auxiliary" datatype="DOUBLE" min="0" max="5000"  unit="g m-2 d-1" uri="http://www1.clermont.inra.fr/siriusquality/?page_id=547"/>

    </Outputs>

    <Algorithm  language="Cyml" platform="" filename="algo/pyx/ptsoil.pyx" />

    <Parametersets>
        <Parameterset name="set1" description="some values in there" >
        	<Param name="tau">0.9983</Param>
        </Parameterset>

     </Parametersets>
     <Testsets>
        <Testset name="first" parameterset = "set1" description="some values in there" >
        	<Test name ="test1">
        		<InputValue name="evapoTranspirationPriestlyTaylor">449.367</InputValue>
 				<OutputValue name="energyLimitedEvaporation" precision ="3">448.240</OutputValue>

        	</Test>

        </Testset>
      </Testsets>


</ModelUnit>
