<?xml version="1.0" encoding="UTF-8"?>
<!DOCTYPE ModelUnit PUBLIC " " "https://raw.githubusercontent.com/AgriculturalModelExchangeInitiative/crop2ml/master/ModelUnit.dtd">
<ModelUnit modelid="SQ.EnergyBalance.Conductance" name="Conductance" timestep="1" version="1.0">
    <Description>
        <Title>Conductance Model</Title>
        <Authors>Pierre Martre</Authors>
        <Institution>INRA/LEPSE Montpellier</Institution>
        <Reference>Modelling energy balance in the wheat crop model SiriusQuality2:
            Evapotranspiration and canopy and soil temperature calculations
        </Reference>
        <Abstract>The boundary layer conductance is expressed as the wind speed profile above the
            canopy and the canopy structure. The approach does not take into account buoyancy
            effects. 
        </Abstract>
    </Description>
    <Inputs>
        <Input name="vonKarman" description="von Karman constant" datatype="DOUBLE" min="0" max="1" default="0.42" unit="dimensionless" uri="http://www1.clermont.inra.fr/siriusquality/?page_id=547" inputtype = "parameter" parametercategory="constant"/>
        <Input name="heightWeatherMeasurements" description="reference height of wind and humidity measurements" parametercategory="soil" datatype="DOUBLE" min="0" max="10" default="2" unit="m" uri="http://www1.clermont.inra.fr/siriusquality/?page_id=547" inputtype = "parameter"/>
        <Input name="zm" description="roughness length governing momentum transfer, FAO" parametercategory="constant" inputtype="parameter" datatype="DOUBLE" min="0" max="1" default="0.13" unit="m" uri="http://www1.clermont.inra.fr/siriusquality/?page_id=547"/>
        <Input name="zh" description="roughness length governing transfer of heat and vapour, FAO" parametercategory="constant" inputtype="parameter" datatype="DOUBLE" min="0" max="1" default="0.013" unit="m" uri="http://www1.clermont.inra.fr/siriusquality/?page_id=547"/>
        <Input name="d" description="corresponding to 2/3. This is multiplied to the crop heigth for calculating the zero plane displacement height, FAO" inputtype="parameter" parametercategory="constant" datatype="DOUBLE" default="0.67" min="0" max="1" unit="dimensionless" uri="http://www1.clermont.inra.fr/siriusquality/?page_id=547rl" />
        <Input name="plantHeight" description="plant Height"  datatype="DOUBLE" default="0" min="0" max="1000" unit="mm" uri="http://www1.clermont.inra.fr/siriusquality/?page_id=547" inputtype="variable" variablecategory="auxiliary"/>
        <Input name="wind" description="wind" variablecategory="auxiliary" datatype="DOUBLE" default="124000" min="0" max="1000000" unit="m/d" uri="http://www1.clermont.inra.fr/siriusquality/?page_id=547" inputtype="variable"/>
    </Inputs>
    <Outputs>
        <Output name="conductance" description="the boundary layer conductance" variablecategory="state" datatype="DOUBLE" min="0" max="10000"  unit="m/d" uri="http://www1.clermont.inra.fr/siriusquality/?page_id=547"/>
    </Outputs>
    <Algorithm  language="Cyml" platform="" filename="algo/pyx/conductance.pyx" />
    <Parametersets>
        <Parameterset name="set1" description="some values in there" >
        	<Param name="d">0.67</Param>
        	<Param name="zh">0.013</Param>
        	<Param name="zm">0.13</Param>
        </Parameterset>
     </Parametersets>
     <Testsets>
        <Testset name="first" parameterset = "set1" description="some values in there" >
        	<Test name ="test1">
        		<InputValue name="wind">124000</InputValue>
        		<InputValue name="plantHeight">0</InputValue>
 				<OutputValue name="conductance" precision ="3">598.685</OutputValue>
        	</Test>
        </Testset>
      </Testsets>
</ModelUnit>
