<?xml version="1.0" encoding="UTF-8"?>
<!DOCTYPE ModelUnit PUBLIC " " "https://raw.githubusercontent.com/AgriculturalModelExchangeInitiative/crop2ml/master/ModelUnit.dtd">
<ModelUnit modelid="SQ.EnergyBalance.EvapoTranspiration" name="EvapoTranspiration" timestep="1" version="1.0">
    <Description>
        <Title>Evapotranspiration Model</Title>
        <Authors>Peter D. Jamieson, Glen S. Francis, Derick R. Wilson, Robert J. Martin</Authors>
        <Institution>New Zealand Institute for Crop and Food Research Ltd.,
            New Zealand Institute for Crop and Food Research Ltd.,
            New Zealand Institute for Crop and Food Research Ltd.,
            New Zealand Institute for Crop and Food Research Ltd.
        </Institution>
        <Reference> https://doi.org/10.1016/0168-1923(94)02214-5</Reference>
        <ExtendedDescription>According to the availability of wind and/or vapor pressure daily data, the
            SiriusQuality2 model calculates the evapotranspiration rate using the Penman (if wind
            and vapor pressure data are available) (Penman 1948) or the Priestly-Taylor
            (Priestley and Taylor 1972) method </ExtendedDescription>
        <ShortDescription>It uses to choose evapotranspiration of Penmann or Priestly-Taylor </ShortDescription>
    </Description>

    <Inputs>

        <Input name="isWindVpDefined" description="if wind and vapour pressure are defined" parametercategory="constant" datatype="INT" default="1" min="0" max="1" unit="" uri="http://www1.clermont.inra.fr/siriusquality/?page_id=547" inputtype="parameter"/>
        <Input name="evapoTranspirationPriestlyTaylor" description="evapoTranspiration of Priestly Taylor " variablecategory="rate" default ="449.367" datatype="DOUBLE" min="0" max="10000"  unit="mm" uri="http://www1.clermont.inra.fr/siriusquality/?page_id=547" inputtype="variable"/>
        <Input name="evapoTranspirationPenman" description="evapoTranspiration of Penman " datatype="DOUBLE" variablecategory="rate" default="830.958" min="0" max="10000"  unit="mm" uri="http://www1.clermont.inra.fr/siriusquality/?page_id=547" inputtype="variable"/>

    </Inputs>
    <Outputs>

        <Output name="evapoTranspiration" description="evapoTranspiration" variablecategory="rate" datatype="DOUBLE" min="0" max="10000"  unit="mm" uri="http://www1.clermont.inra.fr/siriusquality/?page_id=547"/>

    </Outputs>

    <Algorithm  language="Cyml" platform="" filename="algo/pyx/evapotranspiration.pyx" />

     <Parametersets>
        <Parameterset name="set1" description="some values in there" >
        	<Param name="isWindVpDefined">1</Param>

        </Parameterset>
     </Parametersets>
     <Testsets>
        <Testset name="first" parameterset = "set1" description="some values in there" >
        	<Test name ="test1">
        		<InputValue name="evapoTranspirationPriestlyTaylor">449.367</InputValue>
        		<InputValue name="evapoTranspirationPenman">830.957</InputValue>
				<OutputValue name="evapoTranspiration" precision ="3">830.957</OutputValue>

        	</Test>

        </Testset>
      </Testsets>

</ModelUnit>
