<?xml version="1.0" encoding="UTF-8"?>
<!DOCTYPE ModelUnit PUBLIC " " "https://raw.githubusercontent.com/AgriculturalModelExchangeInitiative/crop2ml/master/ModelUnit.dtd">
<ModelUnit modelid="SQ.EnergyBalance.Penman" name="Penman" timestep="1" version="1.0">
    <Description>
        <Title>Penman Model</Title>
        <Authors>Peter D. Jamieson, Glen S. Francis, Derick R. Wilson, Robert J. Martin</Authors>
        <Institution>New Zealand Institute for Crop and Food Research Ltd.,
            New Zealand Institute for Crop and Food Research Ltd.,
            New Zealand Institute for Crop and Food Research Ltd.,
            New Zealand Institute for Crop and Food Research Ltd.
        </Institution>
        <Reference> https://doi.org/10.1016/0168-1923(94)02214-5</Reference>
        <ExtendedDescription>It uses Penmann-Monteith method vase on the availability of wind and vapor pressure daily data</ExtendedDescription>
        <ShortDescription>It uses Penmann-Monteith method vase on the availability of wind and vapor pressure daily data</ShortDescription>
    </Description>
    <Inputs>

        <Input name="evapoTranspirationPriestlyTaylor" description="evapoTranspiration of Priestly Taylor " variablecategory="rate"  datatype="DOUBLE" default="449.367" min="0" max="10000" unit="g m-2 d-1" uri="http://www1.clermont.inra.fr/siriusquality/?page_id=547" inputtype="variable"/>
        <Input name="hslope" description="the slope of saturated vapor pressure temperature curve at a given temperature "  variablecategory="auxiliary" datatype="DOUBLE" default="0.584" min="0" max="1000" unit="hPa °C-1" uri="http://www1.clermont.inra.fr/siriusquality/?page_id=547" inputtype="variable"/>
        <Input name="VPDair" description=" vapour pressure density" variablecategory="auxiliary"  datatype="DOUBLE" default="2.19" min="0" max="1000" unit="hPa" uri="http://www1.clermont.inra.fr/siriusquality/?page_id=547" inputtype="variable"/>
        <Input name="psychrometricConstant" description="psychrometric constant" parametercategory="constant" datatype="DOUBLE" default="0.66" min="0" max="1" unit="" uri="http://www1.clermont.inra.fr/siriusquality/?page_id=547" inputtype="parameter"/>
        <Input name="Alpha" description="Priestley-Taylor evapotranspiration proportionality constant" parametercategory="constant" datatype="DOUBLE" default="1.5" min="0" max="100" unit="" uri="http://www1.clermont.inra.fr/siriusquality/?page_id=547" inputtype="parameter"/>
        <Input name="lambdaV" description="latent heat of vaporization of water" parametercategory="constant" datatype="DOUBLE" default="2.454" min="0" max="10" unit="" uri="http://www1.clermont.inra.fr/siriusquality/?page_id=547" inputtype="parameter"/>
        <Input name="rhoDensityAir" description="Density of air" parametercategory="constant" datatype="DOUBLE" default="1.225" unit="" uri="http://www1.clermont.inra.fr/siriusquality/?page_id=547" inputtype="parameter"/>
        <Input name="specificHeatCapacityAir" description="Specific heat capacity of dry air" parametercategory="constant" datatype="DOUBLE" default="0.00101" min="0" max="1" unit="" uri="http://www1.clermont.inra.fr/siriusquality/?page_id=547" inputtype="parameter"/>
        <Input name="conductance" description="conductance" variablecategory="state"  datatype="DOUBLE" min="0" max="10000" default="598.685" unit="m d-1" uri="http://www1.clermont.inra.fr/siriusquality/?page_id=547" inputtype="variable"/>

     </Inputs>
    <Outputs>

        <Output name="evapoTranspirationPenman" description=" evapoTranspiration of Penman Monteith" variablecategory="rate" datatype="DOUBLE" min="0" max="5000"  unit="g m-2 d-1" uri="http://www1.clermont.inra.fr/siriusquality/?page_id=547"/>


    </Outputs>

     <Algorithm  language="Cyml" platform="" filename="algo/pyx/penman.pyx" />

     <Parametersets>
        <Parameterset name="set1" description="some values in there" >
        	<Param name="Alpha">1.5</Param>
        	<Param name="lambdaV">2.454</Param>

        </Parameterset>

     </Parametersets>
     <Testsets>
        <Testset name="first" parameterset = "set1" description="some values in there" >
        	<Test name ="test1">
        		<InputValue name="evapoTranspirationPriestlyTaylor">449.367</InputValue>
        		<InputValue name="hslope">0.584</InputValue>
        		<InputValue name="VPDair">2.19</InputValue>
				<OutputValue name="evapoTranspirationPenman" precision ="3">830.958</OutputValue>

        	</Test>

        </Testset>
      </Testsets>

</ModelUnit>
