<?xml version="1.0" encoding="UTF-8"?>
<!DOCTYPE ModelUnit PUBLIC " " "https://raw.githubusercontent.com/AgriculturalModelExchangeInitiative/crop2ml/master/ModelUnit.dtd">
<ModelUnit modelid="SQ.EnergyBalance.SoilEvaporation" name="SoilEvaporation" timestep="1" version="1.0">
    <Description>
        <Title>SoilEvaporation Model</Title>
        <Authors>Peter D. Jamieson, Glen S. Francis, Derick R. Wilson, Robert J. Martin</Authors>
        <Institution>New Zealand Institute for Crop and Food Research Ltd.,
            New Zealand Institute for Crop and Food Research Ltd.,
            New Zealand Institute for Crop and Food Research Ltd.,
            New Zealand Institute for Crop and Food Research Ltd.
        </Institution>
        <Reference> https://doi.org/10.1016/0168-1923(94)02214-5</Reference>
        <ExtendedDescription>Starting from a soil at field capacity, soil evaporation  is assumed to
                be energy limited during the first phase of evaporation and diffusion limited thereafter.
                Hence, the soil evaporation model considers these two processes taking the minimum between
                the energy limited evaporation (PtSoil) and the diffused limited
                evaporation </ExtendedDescription>
        <ShortDescription>Starting from a soil at field capacity, soil evaporation  is assumed to
            be energy limited during the first phase of evaporation and diffusion limited thereafter.
            Hence, the soil evaporation model considers these two processes taking the minimum between
            the energy limited evaporation (PtSoil) and the diffused limited
            evaporation</ShortDescription>
    </Description>
    <Inputs>

        <Input name="diffusionLimitedEvaporation" description="diffusion Limited Evaporation" variablecategory="state"  datatype="DOUBLE" default="6605.505" min="0" max="10000" unit="g m-2 d-1" uri="http://www1.clermont.inra.fr/siriusquality/?page_id=547" inputtype="variable"/>
        <Input name="energyLimitedEvaporation" description="energy Limited Evaporation" variablecategory="auxiliary"  datatype="DOUBLE" default="448.240" min="0" max="1000" unit="g m-2 d-1" uri="http://www1.clermont.inra.fr/siriusquality/?page_id=547" inputtype="variable"/>

    </Inputs>
    <Outputs>

        <Output name="soilEvaporation" description="soil Evaporation" variablecategory="auxiliary" datatype="DOUBLE" min="0" max="5000"  unit="g m-2 d-1" uri="http://www1.clermont.inra.fr/siriusquality/?page_id=547"/>

    </Outputs>

     <Algorithm  language="Cyml" platform="" filename="algo/pyx/soilevaporation.pyx" />

    <Parametersets>
        <Parameterset name="set1" description="some values in there" >
        </Parameterset>

     </Parametersets>
     <Testsets>
        <Testset name="first" parameterset = "set1" description="some values in there" >
        	<Test name ="test1">
        		<InputValue name="diffusionLimitedEvaporation">6605.505</InputValue>
        		<InputValue name="energyLimitedEvaporation">448.240</InputValue>

 				<OutputValue name="soilEvaporation" precision ="3">448.240</OutputValue>

        	</Test>

        </Testset>
      </Testsets>

</ModelUnit>
