<?xml version="1.0" encoding="UTF-8"?>
<!DOCTYPE ModelUnit PUBLIC " " "https://raw.githubusercontent.com/AgriculturalModelExchangeInitiative/crop2ml/master/ModelUnit.dtd">
<ModelUnit modelid="SQ.EnergyBalance.NetRadiationEquivalentEvaporation" name="NetRadiationEquivalentEvaporation" timestep="1" version="1.0">
    <Description>
        <Title>NetRadiationEquivalentEvaporation Model</Title>
        <Authors>Peter D. Jamieson, Glen S. Francis, Derick R. Wilson, Robert J. Martin</Authors>
        <Institution>New Zealand Institute for Crop and Food Research Ltd.,
            New Zealand Institute for Crop and Food Research Ltd.,
            New Zealand Institute for Crop and Food Research Ltd.,
            New Zealand Institute for Crop and Food Research Ltd.
        </Institution>
        <Reference> https://doi.org/10.1016/0168-1923(94)02214-5</Reference>
        <ExtendedDescription> It is given by dividing net radiation by latent heat of vaporization of water </ExtendedDescription>
        <ShortDescription>It is given by dividing net radiation by latent heat of vaporization of water</ShortDescription>
    </Description>
    <Inputs>
        <Input name="lambdaV" description="latent heat of vaporization of water" parametercategory="constant" datatype="DOUBLE" default="2.454" min="0" max="10" unit="MJ kg-1" uri="http://www1.clermont.inra.fr/siriusquality/?page_id=547" inputtype="parameter"/>
        <Input name="netRadiation" description="net radiation" variablecategory="auxiliary" datatype="DOUBLE" default="1.566" min="0" max="5000" unit="MJ m-2 d-1" uri="http://www1.clermont.inra.fr/siriusquality/?page_id=547" inputtype="variable"/>

    </Inputs>
    <Outputs>
        <Output name="netRadiationEquivalentEvaporation" variablecategory="auxiliary" description="net Radiation in Equivalent Evaporation " datatype="DOUBLE" min="0" max="5000"  unit="g m-2 d-1" uri="http://www1.clermont.inra.fr/siriusquality/?page_id=547"/>
  	</Outputs>

     <Algorithm  language="Cyml" platform="" filename="algo/pyx/netradiationequivalentevaporation.pyx" />


     <Parametersets>
        <Parameterset name="set1" description="some values in there" >

        </Parameterset>

     </Parametersets>
     <Testsets>
        <Testset name="first" parameterset = "set1" description="some values in there" >
        	<Test name ="test1">
        		<InputValue name="netRadiation">1.566</InputValue>
    			<OutputValue name="netRadiationEquivalentEvaporation" precision ="3">638.142</OutputValue>

        	</Test>

        </Testset>
      </Testsets>

</ModelUnit>
