<?xml version="1.0" encoding="UTF-8"?>
<!DOCTYPE ModelUnit PUBLIC " " "https://raw.githubusercontent.com/AgriculturalModelExchangeInitiative/crop2ml/master/ModelUnit.dtd">
<ModelUnit modelid="STICS.Snow.SnowDry" name="SnowDry" timestep="1" version="1.0">
	<Description>
		<Title>water in solid state in the snow cover Calculation</Title>
		<Authors>STICS</Authors>
		<Institution>INRA</Institution>
		<Reference>doi:http://dx.doi.org/10.1016/j.agrformet.2014.05.002</Reference>
		<Abstract>water in solid state in the snow cover</Abstract>
	</Description>
	<Inputs>
		<Input name="Sdry_t1" description="water in solid state in the snow cover in previous day" inputtype="variable" variablecategory="state" datatype="DOUBLE" default="0.0" min="0.0" max="500.0" unit="mmW" uri=""/>
		<Input name="Snowaccu" description="snowfall accumulation" inputtype="variable" variablecategory="state" datatype="DOUBLE" default="0.0" min="" max="" unit="mmW/d" uri=""/>
		<Input name="Mrf" description="liquid water in the snow cover in the process of refreezing" inputtype="variable" variablecategory="state" datatype="DOUBLE" default="0.0" min="" max="" unit="mmW/d" uri=""/>
		<Input name="M" description="snow in the process of melting" inputtype="variable" variablecategory="state" datatype="DOUBLE" default="0.0" min="" max="" unit="mmW/d" uri=""/>
    </Inputs>
	<Outputs>
		<Output name="Sdry" description="water in solid state in the snow cover" variablecategory="state" datatype="DOUBLE" min="0.0" max="500.0" unit="mmW" uri=""/>
	</Outputs>
	<Algorithm language="Cyml" platform="" filename="algo/pyx/SnowDry.pyx" />
	<Parametersets>
		<Parameterset name="paramerSet1" description="set Parameters for TempMax unit" >
		</Parameterset>
	</Parametersets>
	<Testsets>
        <Testset name="check snow model" parameterset = "paramerSet1" description="some values in there" >
        	<Test name ="test_snow1">
                <InputValue name="M">5.0</InputValue>
                <InputValue name="Mrf">3.0</InputValue>
                <InputValue name="Snowaccu">2.0</InputValue>
				<InputValue name="Sdry_t1">10.0</InputValue> 
			    <OutputValue name="Sdry" precision ="2">10.0</OutputValue>
        	</Test>
        </Testset>
	</Testsets>
</ModelUnit>