<?xml version="1.0" encoding="UTF-8"?>
<!DOCTYPE ModelUnit PUBLIC " " "https://raw.githubusercontent.com/AgriculturalModelExchangeInitiative/crop2ml/master/ModelUnit.dtd">
<ModelUnit modelid="STICS.Snow.SnowDepth" name="SnowDepth" timestep="1" version="1.0">
	<Description>
		<Title>snow cover depth Calculation</Title>
		<Authors>STICS</Authors>
		<Institution>INRA</Institution>
		<Reference>doi:http://dx.doi.org/10.1016/j.agrformet.2014.05.002</Reference>
		<Abstract>snow cover depth Calculation</Abstract>
	</Description>
	<Inputs>
		<Input name="Snowmelt" description="snow melt " inputtype="variable" variablecategory="state" datatype="DOUBLE" default="0.0" min="0.0" max="100.0" unit="m" uri=""/>
		<Input name="Sdepth_t1" description="snow cover depth Calculation in previous day" inputtype="variable" variablecategory="state" datatype="DOUBLE" default="0.0" min="0.0" max="5000.0" unit="m" uri=""/>
		<Input name="Snowaccu" description="snowfall accumulation" inputtype="variable" variablecategory="rate" datatype="DOUBLE" default="0.0" min="" max="" unit="mmW/d" uri=""/>
		<Input name="E" description="snow compaction parameter" inputtype="parameter" parametercategory="constant" datatype="DOUBLE" default="0.0" min="" max="" unit="mm/mm/d" uri=""/>
		<Input name="rho" description="The density of the new snow fixed by the user" inputtype="parameter" parametercategory="constant" datatype="DOUBLE" default="100" min="" max="" unit="kg/m**3" uri=""/>
	</Inputs>
	<Outputs>
		<Output name="Sdepth" description="snow cover depth Calculation" variablecategory="state" datatype="DOUBLE" min="0.0" max="500.0" unit="m" uri=""/>
	</Outputs>
	<Algorithm language="Cyml" platform="" filename="algo/pyx/SnowDepth.pyx" />
	<Parametersets>
		<Parameterset name="paramerSet1" description="set Parameters for TempMax unit" >
		<Param name="E">0.02</Param>
		<Param name="rho">100.0</Param>
        </Parameterset>
	</Parametersets>
	<Testsets>
        <Testset name="check snow model" parameterset = "paramerSet1" description="some values in there" >
        	<Test name ="test_snow1">
                <InputValue name="Snowaccu">5</InputValue>
        		<InputValue name="Sdepth_t1">0.05</InputValue>
				<InputValue name="Snowmelt">0.012</InputValue> 
			    <OutputValue name="Sdepth" precision ="2">0.09</OutputValue>
        	</Test>
        </Testset>
	</Testsets>
</ModelUnit>