<?xml version="1.0" encoding="UTF-8"?>
<!DOCTYPE ModelUnit PUBLIC " " "https://raw.githubusercontent.com/AgriculturalModelExchangeInitiative/crop2ml/master/ModelUnit.dtd">
<ModelUnit modelid="STICS.Snow.Refreezing" name="Refreezing" timestep="1" version="1.0">
	<Description>
		<Title>snowfall accumulation  calculation</Title>
		<Authors>STICS</Authors>
		<Institution>INRA</Institution>
		<Reference>doi:http://dx.doi.org/10.1016/j.agrformet.2014.05.002</Reference>
		<Abstract>It simulates the depth of snow cover and recalculate weather data</Abstract>
	</Description>
	<Inputs>
		<Input name="tavg" description="average temperature" inputtype="variable" variablecategory="auxiliary" datatype="DOUBLE" default="0.0" min="0.0" max="100.0" unit="degC" uri=""/>
		<Input name="Tmf" description="threshold temperature for snow melting " inputtype="parameter" parametercategory="constant" datatype="DOUBLE" default="0.0" min="0.0" max="5000.0" unit="degC" uri=""/>
		<Input name="SWrf" description="degree-day temperature index for refreezing" inputtype="parameter" parametercategory="constant" datatype="DOUBLE" default="0.0" min="0.0" max="5000.0" unit="mmW/degC/d" uri=""/>
	</Inputs>
	<Outputs>
		<Output name="Mrf" description="liquid water in the snow cover in the process of refreezing" variablecategory="rate" datatype="DOUBLE" min="0.0" max="500.0" unit="mmW/d" uri=""/>
	</Outputs>
	<Algorithm language="Cyml" platform="" filename="algo/pyx/Refreezing.pyx" />
	<Parametersets>
		<Parameterset name="paramerterSet1" description="set Parameters for TempMax unit" >
            <Param name="Tmf">0.5</Param>
            <Param name="SWrf">0.01</Param>
		</Parameterset>
	</Parametersets>
	<Testsets>
        <Testset name="check snow model" parameterset = "paramerterSet1" description="some values in there" >
        	<Test name ="test_snow1">
				<InputValue name="tavg">-0.2</InputValue>
			    <OutputValue name="Mrf" precision ="2">0.01</OutputValue>
        	</Test>
        </Testset>
	</Testsets>
</ModelUnit>