<?xml version="1.0" encoding="UTF-8"?>
<!DOCTYPE ModelUnit PUBLIC " " "https://raw.githubusercontent.com/AgriculturalModelExchangeInitiative/crop2ml/master/ModelUnit.dtd">
<ModelUnit modelid="STICS.Snow.SnowAccumulation" name="SnowAccumulation" timestep="1" version="1.0">
	<Description>
		<Title>snowfall accumulation  calculation</Title>
		<Authors>STICS</Authors>
		<Institution>INRA</Institution>
		<Reference>doi:http://dx.doi.org/10.1016/j.agrformet.2014.05.002</Reference>
		<Abstract>It simulates the depth of snow cover and recalculate weather data</Abstract>
	</Description>
	<Inputs>
		<Input name="tsmax" description="maximum daily air temperature (tmax) below which all precipitation is assumed to be snow" inputtype="parameter" parametercategory="constant" datatype="DOUBLE" default="0.0" min="0.0" max="1000" unit="degC" uri=""/>
		<Input name="tmax" description="current maximum air temperature" inputtype="variable" variablecategory="auxiliary" datatype="DOUBLE" default="0.0" min="0.0" max="5000.0" unit="degC" uri=""/>
		<Input name="trmax" description="tmax above which all precipitation is assumed to be rain" inputtype="parameter" parametercategory="constant" datatype="DOUBLE" default="0.0" min="0.0" max="5000.0" unit="degC" uri=""/>
		<Input name="precip" description="current precipitation" inputtype="variable" variablecategory="auxiliary" datatype="DOUBLE" default="0.0" min="0.0" max="5000.0" unit="mmW" uri=""/>

	</Inputs>
	<Outputs>
		<Output name="Snowaccu" description="snowfall accumulation" variablecategory="rate" datatype="DOUBLE" min="0.0" max="500.0" unit="mmW/d" uri=""/>
	</Outputs>
	<Algorithm language="Cyml" platform="" filename="algo/pyx/SnowAccumulation.pyx" />
	<Parametersets>
		<Parameterset name="paramerterSet1" description="set Parameters for TempMax unit" >
            <Param name="trmax">1.0</Param>
            <Param name="tsmax">-2.0</Param>
		</Parameterset>
	</Parametersets>
	<Testsets>
        <Testset name="check snow model" parameterset = "paramerterSet1" description="some values in there" >
        	<Test name ="test_snow1">
				<InputValue name="tmax">-1.0</InputValue>
				<InputValue name="precip">0.5</InputValue>
			    <OutputValue name="Snowaccu" precision ="2">0.33</OutputValue>
        	</Test>
        </Testset>
	</Testsets>
</ModelUnit>