<?xml version="1.0" encoding="UTF-8"?>
<!DOCTYPE ModelUnit PUBLIC " " "https://raw.githubusercontent.com/AgriculturalModelExchangeInitiative/crop2ml/master/ModelUnit.dtd">
<ModelUnit modelid="STICS.Snow.SnowDepthTrans" name="SnowDepthTrans" timestep="1" version="1.0">
	<Description>
		<Title>snow cover depth conversion</Title>
		<Authors>STICS</Authors>
		<Institution>INRA</Institution>
		<Reference>doi:http://dx.doi.org/10.1016/j.agrformet.2014.05.002</Reference>
		<Abstract>snow cover depth in cm</Abstract>
	</Description>
	<Inputs>
		<Input name="Sdepth" description="snow cover depth Calculation" inputtype="variable" variablecategory="state" datatype="DOUBLE" default="0.0" min="0.0" max="500.0" unit="m" uri=""/>
		<Input name="Pns" description="density of the new snow" inputtype="parameter" parametercategory="constant" datatype="DOUBLE" default="100.0" min="" max="" unit="cm/m" uri=""/>
    </Inputs>
	<Outputs>
		<Output name="Sdepth_cm" description="snow cover depth in cm" variablecategory="state" datatype="DOUBLE" min="0.0" max="500.0" unit="cm" uri=""/>
	</Outputs>
	<Algorithm language="Cyml" platform="" filename="algo/pyx/SnowDepthTrans.pyx" />
	<Parametersets>
		<Parameterset name="paramerSet1" description="set Parameters for TempMax unit" >
        <Param name="Pns">100.0</Param>
        </Parameterset>
	</Parametersets>
	<Testsets>
        <Testset name="check snow model" parameterset = "paramerSet1" description="some values in there" >
        	<Test name ="test_snow1">
				<InputValue name="Sdepth">0.050</InputValue> 
			    <OutputValue name="Sdepth_cm" precision ="2">5</OutputValue>
        	</Test>
        </Testset>
	</Testsets>
</ModelUnit>