<?xml version="1.0" encoding="UTF-8"?>
<!DOCTYPE ModelUnit PUBLIC " " "https://raw.githubusercontent.com/AgriculturalModelExchangeInitiative/crop2ml/master/ModelUnit.dtd">
<ModelUnit modelid="STICS.Snow.Preciprec" name="Preciprec" timestep="1" version="1.0">
	<Description>
		<Title>Precipitation ReCalculation</Title>
		<Authors>STICS</Authors>
		<Institution>INRA</Institution>
		<Reference>doi:http://dx.doi.org/10.1016/j.agrformet.2014.05.002</Reference>
		<Abstract>recalculation of precipitation</Abstract>
	</Description>
	<Inputs>
		<Input name="Sdry_t1" description="water in solid state in the snow cover in previous day" inputtype="variable" variablecategory="state" datatype="DOUBLE" default="0.0" min="0.0" max="500.0" unit="mmW" uri=""/>
		<Input name="Sdry" description="water in solid state in the snow cover " inputtype="variable" variablecategory="state" datatype="DOUBLE" default="0.0" min="0.0" max="500.0" unit="mmW" uri=""/>
		<Input name="Swet" description="water in liquid state in the snow cover" inputtype="variable" variablecategory="state" datatype="DOUBLE" default="0.0" min="0.0" max="100.0" unit="mmW" uri=""/>
		<Input name="Swet_t1" description="water in liquid state in the snow cover in previous day" inputtype="variable" variablecategory="state" datatype="DOUBLE" default="0.0" min="0.0" max="100.0" unit="mmW" uri=""/>
		<Input name="Sdepth_t1" description="snow cover depth Calculation in previous day" inputtype="variable" variablecategory="state" datatype="DOUBLE" default="0.0" min="0.0" max="5000.0" unit="m" uri=""/>
		<Input name="Sdepth" description="snow cover depth Calculation" inputtype="variable" variablecategory="state" datatype="DOUBLE" default="0.0" min="0.0" max="5000.0" unit="m" uri=""/>
		<Input name="Mrf" description="liquid water in the snow cover in the process of refreezing" inputtype="variable" variablecategory="rate" datatype="DOUBLE" default="0.0" min="" max="" unit="mmW/d" uri=""/>
		<Input name="precip" description="current precipitation" inputtype="variable" variablecategory="auxiliary" datatype="DOUBLE" default="0.0" min="0.0" max="5000.0" unit="mmW" uri=""/>
		<Input name="Snowaccu" description="snowfall accumulation" inputtype="variable" variablecategory="rate" datatype="DOUBLE" default="0.0" min="" max="" unit="mmW/d" uri=""/>
		<Input name="rho" description="The density of the new snow fixed by the user" inputtype="parameter" parametercategory="constant" datatype="DOUBLE" default="100" min="" max="" unit="kg/m**3" uri=""/>

    </Inputs>
	<Outputs>
		<Output name="preciprec" description="recalculated precipitation" variablecategory="state" datatype="DOUBLE" min="0.0" max="500.0" unit="mmW" uri=""/>
	</Outputs>
	<Algorithm language="Cyml" platform="" filename="algo/pyx/Preciprec.pyx" />
	<Parametersets>
		<Parameterset name="paramerSet1" description="set Parameters for TempMax unit" >
			<Param name="rho">100.0</Param>
		</Parameterset>
	</Parametersets>
	<Testsets>
        <Testset name="check snow model" parameterset = "paramerSet1" description="some values in there" >
        	<Test name ="test_snow1">
                <InputValue name="Sdepth">0.087</InputValue> 
                <InputValue name="Sdepth_t1">0.085</InputValue> 
                <InputValue name="Mrf">0.27</InputValue>
                <InputValue name="Snowaccu">0.23</InputValue>
        		<InputValue name="precip">5.2</InputValue>
                <InputValue name="Sdry_t1">10.0</InputValue> 
                <InputValue name="Sdry">10.0</InputValue> 
                <InputValue name="Swet">0.03</InputValue> 
                <InputValue name="Swet_t1">5.0</InputValue> 
			    <OutputValue name="preciprec" precision ="2">4.5</OutputValue>
        	</Test>
        </Testset>
	</Testsets>
</ModelUnit>