date;netRadiation;netOutGoingLongWaveRadiation;netRadiationEquivalentEvaporation;evapoTranspirationPriestlyTaylor;diffusionLimitedEvaporation;energyLimitedEvaporation;conductance;evapoTranspirationPenman;soilEvaporation;evapoTranspiration;potentialTranspiration;soilHeatFlux;cropHeatFlux;minCanopyTemperature;maxCanopyTemperature
1991-06-09;1.1113293049059283;1.660670695094072;452.8644274270286;315.52671345982793;110695.97271583833;314.7353258847177;3423.1289396068087;1722.7078021953091;314.7353258847177;1722.7078021953091;2.9286032637320853;137.35923201568494;312.57659214761156;-1.4188867225050805;8.18111327749492
1991-06-10;0.12184563498411549;4.344154365015885;49.651847996787076;37.086092719314685;55597.41857961785;36.99307532416095;743.528711846895;924.587472720461;36.99307532416095;924.587472720461;1.571798703624816;12.574364531031591;35.50568476213067;3.794714668815139;8.39471466881514
1991-06-11;0.18482015747507496;4.358179842524925;75.31383760190504;57.46442508656949;8300.0;57.32029582560866;482.8108518486331;553.2343109376704;57.32029582560866;553.2343109376704;0.940498328594059;17.86550825237314;56.507831020937836;-0.16786067847562508;11.932139321524375
1991-06-12;-0.42085506263361605;5.810855062633617;-171.49758053529584;0.0;8300.0;0.0;482.8108518486331;803.0725763410231;0.0;803.0725763410231;1.3652233797797673;-171.20603464838584;-1.656769266689768;-1.8068061591914455;15.493193840808555
1991-06-13;-0.15572877420094144;5.391728774200941;-63.45915819109268;0.0;8300.0;0.0;859.403316290567;960.3058101980048;0.0;960.3058101980048;1.6325198773366416;-63.35127762216782;-1.7404004462615041;-1.6040166987087587;13.295983301291242
1991-06-14;-0.2739308485724079;5.5869308485724085;-111.6262626619429;0.0;8300.0;0.0;1067.0119825854792;1207.4092285643883;0.0;1207.4092285643883;2.052595688559502;-111.4364980154176;-2.2423603350848067;0.39583175534506004;11.99583175534506
1991-06-15;1.2243471474837346;1.0086528525162655;498.9189680047818;383.11779150348076;8300.0;382.1568755269065;825.6065566611626;1133.6685127218566;382.1568755269065;1133.6685127218566;1.9272364716271957;115.91393023226715;381.0778013008875;3.9154984501403463;11.215498450140347
1991-06-16;-0.5566843442822185;6.793684344282219;-226.84773605632373;0.0;8300.0;0.0;1361.5266022131455;962.2199226519355;0.0;962.2199226519355;1.6357738685083238;-226.46209490502795;-2.021415019804096;-0.8029447365919017;10.497055263408098
1991-06-17;1.2315598323624202;0.9244401676375795;501.85812239707417;399.6998404397824;8300.0;398.69733423664957;1453.2606640643858;2310.5667866269855;398.69733423664957;2310.5667866269855;3.927963537265956;102.30762935234958;395.62252950745864;2.9399513020672283;13.139951302067228
1991-06-18;1.7630079337205231;-0.6850079337205233;718.4221408804087;538.6757630161725;8300.0;537.3246846837247;1612.5882451744346;1315.363206491534;537.3246846837247;1315.363206491534;2.2361174510356534;179.87613855718723;536.3098848721859;6.459643682996015;7.459643682996015
1991-06-19;0.18895073409019236;4.200049265909808;76.9970391565576;58.912686119874515;8300.0;58.76492440645125;1525.6822918416808;1520.1297048251413;58.76492440645125;1520.1297048251413;2.584220498202793;18.10121978354021;56.31159887481461;-0.7267932968423854;12.073206703157615
1991-06-20;0.9527953026248628;1.8962046973751374;388.262144508909;264.5607850464818;8300.0;263.8972275433741;1718.806632581134;931.6661126497906;263.8972275433741;931.6661126497906;1.5838323915046766;123.70487131986977;262.9734407975345;1.503460356597313;5.503460356597313
1991-06-21;-0.2915973842556703;5.604597384255671;-118.82533995748584;0.0;8300.0;0.0;680.7633011065727;489.5844852500389;0.0;489.5844852500389;0.8322936249250832;-118.62333687955811;-1.034296702852811;-1.6030134646452454;6.996986535354755
1991-06-22;-0.28078372156093856;5.1317837215609385;-114.41879444211024;0.0;8300.0;0.0;854.5752077720806;1058.7193669695007;0.0;1058.7193669695007;1.799822923848188;-114.22428249155865;-1.9943348743997742;-3.304628762419777;8.395371237580223
1991-06-23;1.0884334531005648;1.2985665468994352;443.5344144664078;314.34371001843584;8300.0;313.55528959059046;482.8108518486331;792.4023100933665;313.55528959059046;792.4023100933665;1.3470839271587507;129.22511637122443;312.9622141680246;1.1856773078551193;9.285677307855119
1991-06-24;0.41194975529428834;3.4380502447057117;167.8686859389928;124.11115280174187;71732.19735847517;123.7998637093449;1800.8844773954017;1766.1303510159232;123.7998637093449;1766.1303510159232;3.002421596727131;43.78344546355159;121.08281887871408;1.4333563696511562;9.433356369651158
1991-06-25;1.6283352089272887;-0.24233520892728866;663.5432799214705;475.75275009631224;43742.39747842158;474.55949196890276;2307.835871836466;1461.8268223644432;474.55949196890276;1461.8268223644432;2.4851055980196044;187.85576437670113;473.2024099467497;3.7066859081272217;6.706685908127222
1991-06-26;-0.003587122947168453;4.7005871229471685;-1.4617452922446832;0.0;24548.801054536634;0.0;622.8259988847367;614.4111253018659;0.0;614.4111253018659;1.0444989130131934;-1.459260325247867;-1.0469838800100095;3.496665809899055;8.796665809899055
1991-06-27;0.8522231003386067;2.304776899661393;347.27917699209723;224.59101597184767;22590.760813490397;224.02770854987835;492.4670688856057;332.07497193350827;224.02770854987835;332.07497193350827;0.5645274522869757;122.66109384133227;224.053555698478;-1.497615261507692;6.0023847384923075
1991-06-28;1.4218293904308625;0.42617060956913744;579.3925796376782;396.17632773981165;18686.808279620727;395.182659026668;2211.2737014667396;2263.0379974552407;395.182659026668;2263.0379974552407;3.8471645956739877;183.22495322562617;392.32046181637804;-1.3481030078372485;7.551896992162751
1991-06-29;-0.14070463183096127;4.914704631830961;-57.336850786862776;0.0;14916.432408103947;0.0;1371.182819250118;1800.7672942759048;0.0;1800.7672942759048;3.061304400269101;-57.239378140525105;-3.158777046606772;2.595430794335924;9.295430794335925
1991-06-30;-0.17571331124816503;5.565713311248166;-71.60281631954564;0.0;14526.492110820665;0.0;1540.1666173971396;1135.392107582649;0.0;1135.392107582649;1.930166582890543;-71.4810915318024;-2.0518913706337756;-1.3026424316040222;8.197357568395978
1991-07-01;0.6103702601338941;3.0856297398661057;248.7246373813749;165.73426816100735;14237.554035515604;165.3185821509247;482.8108518486331;433.89622823179025;165.3185821509247;433.89622823179025;0.7376235879940585;82.98322334690184;165.003790446479;-1.3221493858257798;6.87785061417422
1991-07-02;1.1390888353893165;1.4019111646106834;464.1763795392487;320.97854477933066;13154.314462446824;320.173483206477;758.013037402354;857.1635966069264;320.173483206477;857.1635966069264;1.4571781142318048;143.213796487555;319.50540493746195;-0.4639762216154266;8.336023778384574
1991-07-03;0.11516443276651422;4.889835567233486;46.929271705996015;33.4859669422305;11613.916687122572;33.401979193972835;1752.6033922105382;1339.4236607317248;33.401979193972835;1339.4236607317248;2.2770202232439787;13.447512750122982;31.204738732629053;-2.264685423807532;9.435314576192468
1991-07-04;-0.1164478837416496;5.1984478837416495;-47.45227536334539;0.0;11395.572165424377;0.0;482.8108518486331;613.2317248278546;0.0;613.2317248278546;1.042493932207374;-47.3716064952277;-1.1231628003250649;-1.0046140551799319;10.195385944820067
1991-07-05;0.01003324245318371;5.225966757546816;4.088525857043076;2.834998361423951;11333.79579066921;2.8278877670337415;1443.604447027413;1234.2582358963741;2.8278877670337415;1234.2582358963741;2.098239001023879;1.253687596052361;0.7365992599668361;-2.8989879542093573;8.401012045790644
1991-07-06;0.11614204544023199;4.734857954559768;47.32764687866014;33.62773697380094;11278.460116446702;33.54339364537614;675.9351925880864;762.2505562084822;33.54339364537614;762.2505562084822;1.2958259455544463;13.703796233590275;32.32802469951542;-1.1051382337585327;8.794861766241466
1991-07-07;0.4816327917625438;3.8303672082374556;196.26438132132998;135.89984629609606;11127.280078112331;135.55898942017956;782.1535799947857;729.8712873883875;135.55898942017956;729.8712873883875;1.2407811885602842;60.37174245290416;134.65185767986554;-0.6585419091034986;7.741458090896502
1991-07-08;0.3189167182898509;3.8390832817101495;129.95791291354965;105.40292440175178;10649.656034433749;105.13855830787286;671.1070840696;1395.8516865580796;105.13855830787286;1395.8516865580796;2.372947867148784;24.598426153723764;102.9865388926771;-0.09562727279172129;15.004372727208278
1991-07-09;1.4469069903150857;0.7090930096849141;589.611650495145;425.34085443271607;10307.196118150843;424.2740367813869;767.6692544393267;897.592248054338;424.2740367813869;897.592248054338;1.5259068216924059;164.33527390791636;423.75046976553625;1.094846265511223;9.894846265511223
1991-07-10;0.10883805952390002;5.204161940476101;44.35128749955176;34.48805981628708;9160.572517598477;34.40155867117328;482.8108518486331;658.7442100642294;34.40155867117328;658.7442100642294;1.1198651571092129;9.87433163962924;33.35709070281331;0.037033969697207486;12.637033969697207
1991-07-11;1.1174806430301394;2.116519356969861;455.3710851793559;315.4360054478477;9072.990810907077;314.6448453818218;482.8108518486331;500.0735496641453;314.6448453818218;500.0735496641453;0.8501250344290644;139.95210895272913;314.56885119219766;-1.7077224807761364;9.692277519223865
1991-07-12;0.20904050273535724;5.180959497264643;85.18357894676333;62.4129925332416;8388.710318119416;62.256451534621704;482.8108518486331;570.3772985865814;62.256451534621704;570.3772985865814;0.9696414075972083;22.782315327932125;61.431622211234;-0.2476332953750504;10.05236670462495
1991-07-13;0.97572260455029;2.87427739544971;397.6049733293765;265.3975466422613;8262.879677422363;264.7318904175494;1110.4649592518563;816.0700649840551;264.7318904175494;816.0700649840551;1.3873191104729221;132.19715445716713;264.02049976173646;-4.328425963839409;8.071574036160591
1991-07-14;1.355066666093545;1.3399333339064552;552.1869054985921;369.5754500731593;7777.458293222091;368.6485002879998;482.8108518486331;624.7464685515992;368.6485002879998;624.7464685515992;1.0620689965377403;182.59968747124458;368.52514903080976;0.21393490981777052;7.51393490981777
1991-07-15;0.9030849799457434;3.100915020054257;368.00528930144395;259.0593084016655;7190.414980122962;258.4095494141057;758.013037402354;901.6396968734873;258.4095494141057;901.6396968734873;1.5327874846849598;108.97013089552581;257.5023709212332;0.17378548767490332;8.573785487674904
1991-07-16;0.5798770628100494;4.194122937189951;236.2987216014871;174.22611022116251;6828.761881646238;173.78912541763535;762.8411459208404;1131.1829998211197;173.78912541763535;1131.1829998211197;1.9230110996959429;62.10788835712921;172.26782214466195;-0.05209372238253468;10.547906277617464
1991-07-17;1.572478288395666;0.737521711604334;640.7816986127408;451.15111172205275;6604.979941311391;450.0195581353563;598.685456292305;832.6223143677873;450.0195581353563;832.6223143677873;1.4154579344252676;189.67281158974276;449.69342908857277;2.189823874372938;8.689823874372939
1991-07-18;2.083350223515419;-1.313350223515419;848.9609712776768;629.2748893463541;6089.857153163388;627.6965750309136;1641.5568962853527;1935.7110350409187;627.6965750309136;1935.7110350409187;3.290708759569629;219.8211625955911;625.8490999225161;3.856189752858801;9.056189752858803
1991-07-19;1.6896530039535258;0.46634699604647384;688.5301564602794;532.9624078600891;5490.865324604062;531.6256594657729;1955.3839499869641;1927.1978736017268;531.6256594657729;1927.1978736017268;3.2762363851230027;155.73399572852406;529.5199243466324;6.337115092430238;9.33711509243024
1991-07-20;1.2346562065749436;3.0003437934250567;503.1198885798466;389.3771394594051;5067.906896911708;388.4005241141584;1134.6055018442878;991.9258529493284;388.4005241141584;991.9258529493284;1.6862739500138928;113.86406065510243;387.56955397473024;4.3775196006648756;10.977519600664875
1991-07-21;1.2841317556283576;2.873868244371643;523.2810740131856;382.5977196177236;4798.245552401624;381.6381080582113;1091.1525251779108;922.464207829308;381.6381080582113;922.464207829308;1.5681891533098555;140.75338812915186;380.9594967307239;0.19248510786734574;10.392485107867344
1991-07-22;0.5080639219046699;5.959936078095331;207.03501300108795;160.49414076097574;4559.958976120158;160.09159776395498;1825.0250199878335;2549.6111020336875;160.09159776395498;2549.6111020336875;4.334338873457358;46.59145571503112;156.10921841259946;0.8696589686140612;12.169658968614062
1991-07-23;0.34721426841012626;6.120785731589875;141.48910693159178;107.83354174165967;4460.093895696909;107.56307930068685;1525.6822918416808;2621.467069691322;107.56307930068685;2621.467069691322;4.456494018475339;33.68549614912122;103.34711676399522;1.134354233413907;11.134354233413907
1991-07-24;1.461865528912919;1.849134471087081;595.707224495892;443.6844490067159;4391.0898020183695;442.5716229123312;941.4811611048345;1686.4558029630068;442.5716229123312;1686.4558029630068;2.8669748650371703;152.1228993019178;440.717350328937;1.0284651560765055;11.228465156076506
1991-07-25;1.3180912050163798;2.8399087949836206;537.1194804467725;384.4557030190504;4157.124908775068;383.4914313628939;540.748154070469;901.4676722941774;383.4914313628939;901.4676722941774;1.532495042900133;152.7149459671191;382.8720394367533;2.3043511103381578;9.304351110338159
1991-07-26;0.9529389726276021;5.438061027372399;388.3206897422991;283.9100957163152;3975.352372178843;283.1980072857207;719.3881692544634;940.0076264969775;283.1980072857207;940.0076264969775;1.5980129650448947;104.46253728401655;282.26013949323766;0.4782217356059149;10.378221735605914
1991-07-27;0.6293205555262587;5.761679444473742;256.4468441427297;207.6007294082385;3849.4636140807065;207.08003613306064;482.8108518486331;1138.019888450587;207.08003613306064;1138.019888450587;1.9346338103660374;48.93084837462638;205.58136195773724;0.7445469773073237;15.344546977307324
1991-07-28;0.8941550407287826;5.573844959271218;364.36635726519256;275.40248721385933;3759.7109431768263;274.71173712127404;1057.3557655485065;1863.3517901311686;274.71173712127404;1863.3517901311686;3.1676980432230515;89.0351973365677;272.16346188540183;-1.7894646968270762;12.510535303172924
1991-07-29;0.9494055925098674;5.5955944074901325;386.8808445435483;299.4781731174081;3643.666988949976;298.72703765054695;1675.353655914757;2965.807462278129;298.72703765054695;2965.807462278129;5.041872685872923;87.49610945727727;294.3428624003981;-0.05153103362830552;12.748468966371695
1991-07-30;0.9929865577873453;5.4750134422126555;404.6399990983477;327.6455716090014;3518.1752143481517;326.8237881486788;1366.3547107316317;2750.935670820494;326.8237881486788;2750.935670820494;4.676590640394936;77.12832295120171;322.83508550675106;3.268634616043046;13.768634616043046
1991-07-31;1.2003695383864432;5.267630461613558;489.1481411517698;403.63070649567237;3391.558635200495;402.61834110020067;1458.088772582872;2819.0113269154494;402.61834110020067;2819.0113269154494;4.792319255756362;85.69824821161109;398.65757368440234;2.7422919395361967;15.142291939536197
1991-08-01;1.2073522296728125;4.952647770327188;491.99357362380294;399.8333245031342;3249.192354716608;398.8304835022657;598.685456292305;1417.287393986217;398.8304835022657;1417.287393986217;2.409388569776618;92.3267010463768;397.2574840076495;4.916104807551793;14.416104807551793
1991-08-02;1.853997098410939;2.0730029015890605;755.5000401022571;549.5411667406773;3126.7751077378334;548.162836371748;907.6844014754304;1387.0336304072366;548.162836371748;1387.0336304072366;2.3579571716923504;206.05285366233534;547.0892292682295;0.3954746971882641;10.795474697188263
1991-08-03;1.545095098772328;5.230904901227673;629.6231046342004;490.26237421686307;2976.785263573055;489.0327238102624;1274.6206488803914;2140.917657902837;489.0327238102624;2140.917657902837;3.6395600184348975;139.52002154605987;486.4635230697057;-0.7430164763095721;13.856983523690428
1991-08-04;1.6381459714773952;5.599854028522605;667.5411456713101;481.63977197396304;2847.1083652008706;480.43174832664783;1636.7287877668664;2180.83448656623;480.43174832664783;2180.83448656623;3.7074186271626672;185.974577397021;477.85914964712646;-2.2209177132502567;10.679082286749743
1991-08-05;1.211893490735676;5.9491065092643245;493.84412825414665;424.61675189871147;2728.850577179229;423.55175040342897;1482.2293151753036;3981.8933680227588;423.55175040342897;3981.8933680227588;6.7692187256388285;69.45284283268563;417.6220666958222;2.0588369783843317;17.658836978384333
1991-08-06;2.063276064419357;1.016723935580643;840.7807923469263;727.4187161293522;2616.168600607922;725.5942426084416;2394.74182516922;5985.778310359396;725.5942426084416;5985.778310359396;10.175823127611181;113.7572223914949;716.8477468278202;6.493724979303725;16.193724979303724
1991-08-07;1.8233365951241893;3.4896634048758113;743.0059474833697;660.5633961066433;2445.279230045437;658.9066055974683;2187.133158874308;5480.565118531782;658.9066055974683;5480.565118531782;9.31696070150422;82.83623177517961;650.8527550066859;9.89023453738014;15.99023453738014
1991-08-08;1.8019860149162694;4.358013985083731;734.305629550232;673.9077811768285;2304.788992757737;672.2175209800121;2694.084553315373;7261.814919323347;672.2175209800121;7261.814919323347;12.345085362849941;60.839788999984535;661.1207551873975;5.6867283754811115;20.086728375481112
1991-08-09;1.8481676277733716;3.9268323722266287;753.1245426949355;684.3875265227273;2161.802588004591;682.6709815775732;1805.712585913888;5139.802766383409;682.6709815775732;5139.802766383409;8.737664702851974;69.17324939478078;675.2136285973028;9.641668220312217;17.941668220312216
1991-08-10;2.39259752778753;3.3824024722124704;974.97861768033;796.9477360797341;2044.552805604018;794.9488735129803;1018.7308974006158;1583.4704343305261;794.9488735129803;1583.4704343305261;2.6918997383619496;178.37228051729312;793.9144374246749;5.945721748015714;14.545721748015714
1991-08-11;2.3274101645073575;5.526589835492642;948.4148999622482;729.3920869572786;1951.3071976024758;727.5626639310244;1525.6822918416808;2430.070978188973;727.5626639310244;2430.070978188973;4.131120662921339;219.2399307012879;725.043848598039;0.7425779210881251;12.942577921088125
1991-08-12;2.234688823580715;2.616311176419285;910.631142453429;804.4393446534301;1866.1003951625507;802.4216920264693;1728.4628496181065;4647.194851145383;802.4216920264693;4647.194851145383;7.900231246947313;106.66137748478889;796.0695337216928;3.913498944239254;19.013498944239256
1991-08-13;2.38617947146409;2.38782052853591;972.3632728052524;812.1039631948582;1767.1633687177057;810.0670865731519;2766.5061810926677;5593.597655701228;810.0670865731519;5593.597655701228;9.509116014692284;160.64316866833167;802.2109881222285;4.475140641353639;15.07514064135364
1991-08-14;2.3383061196919996;4.283693880308;952.8549794995923;889.6082395422841;1670.1643170121583;887.3769707543909;2534.756972205324;7050.657006777165;887.3769707543909;7050.657006777165;11.986116911521426;63.858155280052074;877.0107073080188;8.58625522679843;20.28625522679843
1991-08-15;2.677115529529111;4.945884470470889;1090.9191236874942;958.4066456508195;1567.4165739292273;956.0028203044509;2447.85101887257;5096.450904228396;956.0028203044509;5096.450904228396;8.66396653718845;133.06174087277452;949.1934162775312;6.369107118317915;17.469107118317915
1991-08-16;2.311196761771365;4.695803238228635;941.8079713819742;870.9948118654021;1481.891072071402;868.8102283018189;2336.8045229473846;7300.317333733163;868.8102283018189;7300.317333733163;12.41053946734663;71.39666952880589;858.0007623858216;6.928253172284702;20.428253172284702
1991-08-17;2.5637816242954234;0.20821837570457694;1044.735788221444;846.900853365236;1932.0174846756615;844.7767010062985;3065.8489092388204;5073.256401534252;844.7767010062985;5073.256401534252;8.624535882608406;198.18303637516897;837.9282159636666;8.942092205226357;10.142092205226357
1991-08-18;3.1997444564837956;5.424255543516203;1303.8893465704139;962.3768685796432;1809.2052422495149;959.9630853280886;1685.0098729517297;2254.6428963916865;959.9630853280886;2254.6428963916865;3.8328929238659453;341.70964935315544;958.3468042933924;1.7280733645657715;10.728073364565772
1991-08-19;2.6752994867222704;2.0217005132777297;1090.1790899438754;819.3606344673108;1716.6102843039394;817.3055570428302;1786.4001518399427;3976.87831417557;817.3055570428302;3976.87831417557;6.760693134098607;271.02022844814053;812.3981683616363;1.5020015513842917;11.402001551384291
1991-08-20;2.6737347925924855;4.256265207407514;1089.5414802740363;873.2283768957533;1628.2175098097794;871.0381912213574;2134.0239651709585;5617.322380102487;871.0381912213574;5617.322380102487;9.549448046174424;216.65106853621307;863.3409636916488;5.3024170560353605;12.60241705603536
1991-08-21;3.3607792847578564;5.263220715242142;1369.5107109852715;1019.9074593876829;1533.107553373947;1017.3493809217708;2327.1483059104116;3737.2654891568172;1017.3493809217708;3737.2654891568172;6.35335133156672;349.8331618548258;1013.324197798879;-0.13634269978860158;11.6636573002114
1991-08-22;2.6053580546019166;-0.9883580546019163;1061.6780988597866;807.6429401023084;1452.9512102191213;805.6172523850502;1332.5579511022274;2420.046243508536;805.6172523850502;2420.046243508536;4.114078613964596;254.25599370667476;803.3080265391472;4.795674858256359;10.59567485825636
1991-08-23;3.911433506875232;4.712566493124767;1593.9011845457342;1219.7265923276195;0.0;1216.6673379791837;685.591409625059;1277.1883737083645;0.0;1277.1883737083645;2.171220235304264;1591.1915525320064;0.5384117784234776;-0.29844236290736603;11.801557637092635
1991-08-24;3.9610483075444574;5.740951692455543;1614.1191147287925;1229.923051050916;0.0;1226.8382224788108;2037.4617948012317;3247.754746518018;0.0;3247.754746518018;5.5211830690807435;1611.3751122337535;-2.777180574041731;-2.102703533409336;12.297296466590666
1991-08-25;2.9245389441621397;0.5404610558378603;1191.7436610277668;998.7135638452108;0.0;996.2086427979418;1458.088772582872;3592.2739061100137;0.0;3592.2739061100137;6.106865640387149;1189.7176968040196;-4.080901416639925;2.294448769845678;15.394448769845678
1991-08-26;3.789115368660081;5.296884631339919;1544.0567924450206;1327.2380149610592;0.0;1323.909106093925;1221.5114551770416;3333.743372709992;0.0;3333.743372709992;5.667363733607102;1541.431895897864;-3.042467186450507;4.695059789495357;15.795059789495356
1991-08-27;3.220252691477496;1.0917473085225036;1312.246410545027;1029.4994079103071;0.0;1026.9172714215456;2399.569933687707;3104.5968066224095;0.0;3104.5968066224095;5.2778145712582045;1310.0155916471003;-3.046995673331594;3.2974814213252097;11.29748142132521
1991-08-28;3.8248025021625187;3.259197497837481;1558.599226635093;1321.2575518795322;0.0;1317.943642896637;3036.8802581279024;5271.877069411463;0.0;5271.877069411463;8.96219101799967;1555.9496079498133;-6.31257233272005;7.995877166511023;12.995877166511022
1991-08-29;4.585824686670326;5.193175313329674;1868.7142162470761;1624.7536216610497;0.0;1620.6784997333416;2143.680182207931;4075.3300450341076;0.0;4075.3300450341076;6.928061076558125;1865.5374020794561;-3.7512469089381018;8.896529174708432;14.096529174708431
1991-08-30;3.516791583248355;1.7192084167516446;1433.0854047466808;1292.7875790589546;0.0;1289.5450769706035;1685.0098729517297;4159.146036077371;0.0;4159.146036077371;7.070548261331675;1430.6491595586112;-4.634303073262169;6.394544945695179;17.99454494569518
1991-08-31;3.5068025055960734;1.4211974944039274;1429.01487595602;1152.57341582406;0.0;1149.6825915553832;1873.3061051726963;3423.208767997586;0.0;3423.208767997586;5.819454905596015;1426.5855506668947;-3.3901296164707704;5.096410576924003;11.796410576924005
1991-09-01;4.098091453241739;2.9859085467582602;1669.9639173764217;1434.006461936396;0.0;1430.409762043191;2317.492088873439;4581.703895690521;0.0;4581.703895690521;7.788896622674045;1667.1249787168817;-4.949957963134082;8.095763566960633;13.795763566960634
1991-09-02;3.995333741825892;2.1646662581741083;1628.090359342254;1467.241049177202;0.0;1463.5609920331392;1129.7773933258015;2772.107018196659;0.0;2772.107018196659;4.712581930934417;1625.322605731372;-1.9448283200524346;7.096585670066518;17.59658567006652
1991-09-03;4.371828997282792;2.9431710027172078;1781.5114088356936;1449.1792730924794;0.0;1445.544517549099;1110.4649592518563;2337.037998366504;0.0;2337.037998366504;3.9729645972231378;1778.482839440673;-0.94439520220247;0.2983131906134742;14.598313190613474
1991-09-04;5.0601455622186275;5.026854437781372;2061.9990066090572;1715.6693707109375;0.0;1711.3662186637157;1559.4790514710849;3599.699039689065;0.0;3599.699039689065;6.119488367471536;2058.4936082978215;-2.614090056235842;6.196675256881839;12.99667525688184
1991-09-05;5.566949969737626;5.290050030262373;2268.5207700642322;1870.4757651798072;0.0;1865.784335842885;2404.3980422061927;4104.953685748371;0.0;4104.953685748371;6.978421265772373;2264.664284755123;-3.12193595666307;6.097424659130568;12.49742465913057
1991-09-06;5.851779070817311;5.390220929182688;2384.588048417812;1936.4488063022873;0.0;1931.5919068393525;1322.9017340652547;2701.9323181313466;0.0;2701.9323181313466;4.593284940823383;2380.5342487355015;-0.5394852585129284;2.4991911479468563;13.599191147946856
1991-09-07;5.514062823711535;4.803937176288466;2246.969365815621;1848.9978230595852;0.0;1844.3602635720538;965.6217036972662;2549.33042636571;0.0;2549.33042636571;4.333861724821796;2243.1495178937344;-0.5140138029350201;3.9989441922180373;13.598944192218037
1991-09-08;6.040418397620689;5.66358160237931;2461.458189739482;2068.246270651302;0.0;2063.0588036919635;1945.7277329499914;4192.491268612538;0.0;4192.491268612538;7.1272351566414605;2457.273710816925;-2.9427562340844693;4.797000220621834;14.397000220621834
1991-09-09;5.913908131377863;5.559091868622137;2409.905514008909;2138.1992947760627;0.0;2132.8363753058206;1351.8703851761727;4111.100321586249;0.0;4111.100321586249;6.988870546696767;2405.8086746350937;-2.892031172881439;3.6957568829578222;18.095756882957822
1991-09-10;5.162071366595751;4.231928633404249;2103.5335642199475;1979.2821296167056;0.0;1974.3177978558838;1443.604447027413;5140.948583265139;0.0;5140.948583265139;8.739612591550916;2099.9575571607734;-5.163605532376799;7.292905497564826;20.392905497564826
1991-09-11;5.742096784416953;5.730903215583048;2339.8927401862074;2235.725123151679;0.0;2230.117594507201;2496.1321040574335;8761.624942705621;0.0;8761.624942705621;14.894762402599861;2335.9149225278907;-10.91694474428308;5.191325376347675;22.191325376347674
1991-09-12;4.488473158011548;2.210526841988452;1829.0436666713722;1735.027063617764;0.0;1730.6753596191677;2587.8661659086733;8362.58200153492;0.0;8362.58200153492;14.216389402609655;1825.9342924380308;-11.107015169268214;9.991487195724506;19.691487195724505
1991-09-13;3.45188002685336;-0.37188002685335986;1406.634077772355;1135.2158367259883;0.0;1132.3685478279988;2037.4617948012317;3751.427695748732;0.0;3751.427695748732;6.377427082772975;1404.242799840142;-3.9861491505598323;8.796119558265724;8.896119558265724
1991-09-14;5.5893310374641585;2.880668962535842;2277.6410095615965;1736.2153009330395;0.0;1731.8606166598502;941.4811611048345;1683.6634627232954;0.0;1683.6634627232954;2.8622278866296607;2273.769019845342;1.0097618296249142;3.002127278796814;9.902127278796815
1991-09-15;5.087067292790408;2.3049327072095913;2072.9695569643063;1703.91344821647;0.0;1699.6397817582624;873.887641846026;2330.4700545225564;0.0;2330.4700545225564;3.9617990926884272;2069.445508717467;-0.43775084584907065;5.799006452826798;12.499006452826798
1991-09-16;6.888850116964067;4.584149883035934;2807.1923867009236;2331.3955881404386;0.0;2325.5481038469857;762.8411459208404;2321.3916094233564;0.0;2321.3916094233564;3.9463657360197866;2802.420159643532;0.8258613213719874;5.0021472870886665;13.602147287088666
1991-09-17;4.989864477008536;1.709135522991464;2033.3596075829403;1689.9900192365462;0.0;1685.7512747935837;521.4357199965237;1692.3272600624796;0.0;1692.3272600624796;2.8769563421062743;2029.9028962500493;0.5797549907847439;5.60220526514545;13.302205265145451
1991-09-18;5.902439197083586;2.875560802916414;2405.231946651828;1956.7102920773937;0.0;1951.8025738171536;1028.3871144375887;2320.720703990565;0.0;2320.720703990565;3.9452251967840417;2401.1430523425197;0.14366911252417447;3.9002770919306267;13.000277091930627
1991-09-19;4.10540468715228;0.28359531284772055;1672.9440452943277;1347.6999700996914;0.0;1344.319739628495;1168.4022614736923;2255.294091372977;0.0;2255.294091372977;3.8339999553341397;1670.1000404173274;-0.9899950783338238;5.298319425604382;11.598319425604382
1991-09-20;4.8390445655090755;1.2439554344909247;1971.9008009409433;1647.8755743851107;0.0;1643.7424591867298;482.8108518486331;1702.1882379391611;0.0;1702.1882379391611;2.8937200044966334;1968.5485695793436;0.458511357103073;8.301883606456418;11.801883606456418
1991-09-21;7.578559654170114;4.741440345829886;3088.2476178362317;2661.1862456823474;0.0;2654.5115977363967;608.3416733292778;2546.3667655330787;0.0;2546.3667655330787;4.3288235014063225;3082.99759688591;0.9211974489155459;7.703003462780651;14.303003462780651
1991-09-22;8.4948056891207;5.365194310879301;3461.6160102366334;2832.407076878982;0.0;2825.302981812934;2689.2564447968866;4082.250343754209;0.0;4082.250343754209;6.939825584382298;3455.731263019231;-1.0550783669798065;2.299221838757514;14.099221838757513
1991-09-23;6.2415016743153675;3.2294983256846326;2543.3992152874357;2332.1876796985234;0.0;2326.338208722515;1115.2930677703425;4024.4500354000156;0.0;4024.4500354000156;6.841565060180167;2539.075436621447;-2.517786394191355;10.59552238266312;16.79552238266312
1991-09-24;5.669260964389768;1.8767390356102338;2310.2122919273706;1834.389984245694;0.0;1829.7890633743032;1728.4628496181065;2913.2708079353406;0.0;2913.2708079353406;4.95256037349018;2306.284931031094;-1.0251994772134845;1.1988235718107552;12.998823571810755
1991-09-25;6.482238136174387;2.834761863825613;2641.4988329968974;2141.9452005455623;0.0;2136.572885790683;1511.1979662862216;3108.379856498607;0.0;3108.379856498607;5.28424575604774;2637.0082849808027;-0.7936977399531049;5.598958280295417;11.798958280295418
1991-09-26;7.172834780203493;3.2991652197965062;2922.915558355131;2317.342234591549;0.0;2311.52999818334;1853.9936710987513;2945.8654271765504;0.0;2945.8654271765504;5.0079712262002385;2917.9466019059273;-0.03901477699655054;1.8999582613904191;12.59995826139042
1991-09-27;8.031113016598496;4.211886983401505;3272.662190952932;2504.86651040723;0.0;2498.5839354331197;1279.448757398878;2641.1046980784786;0.0;2641.1046980784786;4.4898779867335055;3267.0986652283123;1.0736477378864162;0.4016643935053806;11.501664393505381
1991-09-28;9.054957631941452;5.9600423680585495;3689.8767856322133;2904.8399029225784;0.0;2897.5541356363483;2578.2099488717013;5829.951982660174;0.0;5829.951982660174;9.910918370522499;3683.6039950966383;-3.6381278349474577;-0.6027988316153183;13.297201168384682
1991-09-29;3.9619942794626053;-0.49699427946260555;1614.5045963580299;1352.3831372103402;0.0;1348.9911606647058;1274.6206488803914;3193.729252844373;0.0;3193.729252844373;5.4293397298355455;1611.759938544221;-2.684681916026774;5.895822379519933;13.595822379519932
1991-09-30;8.57367546642109;5.286324533578909;3493.755283790175;2982.3319903186007;0.0;2974.851861437873;1849.165562580265;5619.483916974272;0.0;5619.483916974272;9.553122658856458;3487.8158998077315;-3.6137386764130977;3.096123872600774;16.096123872600774
1991-10-01;6.854570513987769;2.847429486012232;2793.2235183324237;2244.144199597071;0.0;2238.515554666052;2954.802413313635;5813.1399576018175;0.0;5813.1399576018175;9.882337927923292;2788.4750383512587;-5.133857946758273;5.796553863319048;11.096553863319047
1991-10-02;7.267402231958195;3.204597768041805;2961.4516022649527;2363.6901314544207;0.0;2357.7616476790467;2331.976414428898;5048.959815323713;0.0;5048.959815323713;8.583231686050487;2956.4171345411023;-3.5487639622000753;1.796981646813778;12.996981646813778
1991-10-03;8.869093122371314;4.836906877628687;3614.1373766794272;2911.111486480937;0.0;2903.809989137337;1520.8541833231943;4118.458923770517;0.0;4118.458923770517;7.001380170410022;3607.9933431390723;-0.8573466300550825;3.598881886311553;12.598881886311553
1991-10-04;7.123927161901397;2.886072838098603;2902.9858035458014;2465.5630204734916;0.0;2459.3790244540787;2071.258554430636;5360.310049633132;0.0;5360.310049633132;9.112527084376511;2898.0507276797734;-4.17745121834851;3.5959996852089287;15.595999685208929
1991-10-05;9.66462097062443;5.11937902937557;3938.3133539626847;3127.8932387833725;0.0;3120.0480208038825;1535.3385088786533;3824.736813832411;0.0;3824.736813832411;6.502052583515232;3931.618221260948;0.19308011822160687;2.300249431046644;12.500249431046644
1991-10-06;7.121218144759144;2.734781855240857;2901.881884579928;2358.524673440308;0.0;2352.6091453961535;1472.573098138331;4045.3258776937705;0.0;4045.3258776937705;6.877053992079551;2896.948685376142;-1.943854788293562;3.7973817925615974;12.997381792561598
1991-10-07;7.344787043336275;3.050212956663724;2992.985755230756;2812.9169402129405;0.0;2805.8617292867666;1347.0422766576864;5467.059890844553;0.0;5467.059890844553;9.29400181443593;2987.8976794468635;-4.205926030543694;0.9938070510472479;22.29380705104725
1991-10-08;9.976902536387843;5.423097463612158;4065.5674557407674;3664.1669198119826;0.0;3654.976648276263;2723.053204426291;8044.631205815052;0.0;8044.631205815052;13.675873049885869;4058.655991066008;-6.7644083751264965;2.5950729066842664;19.395072906684266
1991-10-09;7.743882276915137;3.1131177230848626;3155.616249761669;2970.426444844387;0.0;2962.976176829194;2259.554786651603;7271.129440127063;0.0;7271.129440127063;12.360920048216261;3150.251702137074;-6.9963724236211;7.593858603470173;20.293858603470174
1991-10-10;7.124945785648926;2.1920542143510744;2903.4008906474837;2394.6004685790126;0.0;2388.594457115176;1393.245638015354;3362.797222997495;0.0;3362.797222997495;5.7167552790958585;2898.465109133383;-0.7809737649952044;7.7988882021013275;11.298888202101327
1991-10-11;10.798732090348906;5.3712679096510945;4400.461324510557;3418.028678857233;0.0;3409.45575836452;2674.9501911735233;5067.201121958855;0.0;5067.201121958855;8.61424190733023;4392.980540258888;-1.1334576556618199;-1.0008404399657584;12.799159560034242
1991-10-12;11.303792938194125;6.714207061805876;4606.272590951151;4052.0924354091935;0.0;4041.92918941516;1767.996474145298;6600.648873417429;0.0;6600.648873417429;11.22110308480986;4598.441927546533;-3.3904396801923067;4.896196427283286;17.096196427283285
1991-10-13;7.11472167957111;2.04827832042889;2899.234588252286;2652.5752454389753;0.0;2645.9221951527825;1667.016917733757;5026.5674784436;0.0;5026.5674784436;8.545164713354295;2894.305889452257;-3.616465913325298;7.095697097904201;18.595697097904203
1991-10-14;10.93386115400116;5.236138845998841;4455.52614262476;3736.618823203501;0.0;3727.2468315987944;1391.9254673081848;4459.590172349005;0.0;4459.590172349005;7.581303292993464;4447.951748182298;-0.006908850531356592;-0.10000984480032414;16.299990155199676
1991-10-15;7.534060864613757;2.8609391353862423;3070.114451757847;3005.620163433461;0.0;2998.0816243767836;3584.9007899166168;13603.69496970762;0.0;13603.69496970762;23.126281448503427;3064.8952571898585;-17.907086880515102;5.290092481423849;23.790092481423848
1991-10-16;9.533417561537831;5.09658243846217;3884.848232085506;4112.087820912763;0.0;4101.774097635425;3436.9518997413697;15679.04823459902;0.0;15679.04823459902;26.65438199881888;3878.2439900909603;-20.050140004273235;15.888429262229469;25.888429262229465
1991-10-17;5.977353369611979;0.8756466303880219;2435.7593193202847;2534.2896152973053;0.0;2527.93324283272;2812.3875584552607;10416.55115903045;0.0;10416.55115903045;17.70813697035213;2431.61852847744;-13.567346127507548;16.090431654853532;24.090431654853532
1991-10-18;11.342363082239947;4.673636917760055;4621.989846063548;4118.749340380052;0.0;4108.418909028524;1952.8590246015572;4745.5947519724905;0.0;4745.5947519724905;8.0675110783534;4614.13246332524;-0.21012834004546654;9.399786582104715;15.499786582104715
1991-10-19;9.322643742432234;3.4593562575677668;3798.958330249484;3407.520131252709;0.0;3398.9735677486497;1540.289760602607;4878.48218841424;0.0;4878.48218841424;8.293419720304378;3792.5001010880596;-1.8351905588801358;4.097636825270512;18.597636825270513
1991-10-20;7.938819182184385;2.302180817815616;3235.0526414769292;2645.5155497829687;0.0;2638.880206255627;1692.5589621002907;3979.6857255536224;0.0;3979.6857255536224;6.765465733441297;3229.5530519864183;-1.265876242930326;3.698516578604496;13.398516578604497
1991-10-21;11.77065004790531;5.631349952094691;4796.515911941854;4146.566700721666;0.0;4136.166499324028;2811.5881191113485;7726.329786538536;0.0;7726.329786538536;13.13476063711578;4788.3618348915525;-4.980683586814214;4.9964863835705495;15.99648638357055
1991-10-22;11.216252059193701;5.338747940806298;4570.599861122127;4456.772338404319;0.0;4445.594095475113;2112.9784131790734;8689.640985895563;0.0;8689.640985895563;14.77238967602276;4562.829841358219;-7.00236991211492;4.693426947741801;23.6934269477418
1991-10-23;11.39697203741406;6.159027962585942;4644.242884031809;4566.718428161449;0.0;4555.264424208995;2637.835414007195;11466.93995747042;0.0;11466.93995747042;19.493797927700115;4636.347671128955;-11.598585024846187;8.591278836834274;22.991278836834272
1991-10-24;10.666771046453329;3.2702289535466726;4346.687467992391;3749.232163987309;0.0;3739.828536261947;2119.130888872144;2527.822241899083;0.0;2527.822241899083;4.297297811228529;4339.298099296804;3.09207088435858;7.802894068160946;14.302894068160947
1991-10-25;13.956629464716965;5.909370535283034;5687.298070381811;4884.046418103742;0.0;4871.796508708857;2399.5588157988595;5084.694840854444;0.0;5084.694840854444;8.643981229452733;5677.629663662162;1.0244254901965508;5.400846771188577;15.400846771188577
1991-10-26;7.934341577608601;1.998658422391399;3233.228026735371;2766.3601009609797;0.0;2759.4216614603256;2661.0139770088595;5621.631065275097;0.0;5621.631065275097;9.55677281096786;3227.7315390899207;-4.060285165517772;6.096973598966364;14.796973598966364
1991-10-27;9.345938158335237;3.205061841664764;3808.450757267822;3608.736205655281;0.0;3599.684962533295;3282.081200710193;9673.30602671203;0.0;9673.30602671203;16.44462024541079;3801.976390980467;-9.970253958055565;10.393974764933994;19.39397476493399
1991-10-28;7.196242928343654;1.4277570716563441;2932.454331028384;2888.089211335293;0.0;2880.8454572562846;2375.714657390815;7709.902245740482;0.0;7709.902245740482;13.106833817759087;2927.4691586656354;-8.121661455010615;12.09321940662357;21.49321940662357
1991-10-29;9.860035135100464;3.1529648648995363;4017.9442278322995;3381.997753846984;0.0;3373.515204233048;815.4660959098395;3100.6326889244274;0.0;3100.6326889244274;5.271075571171634;4011.1137226449846;1.55942961614325;6.403792948661512;13.603792948661512
1991-10-30;14.213983615431204;6.4990163845687965;5792.169362441403;4847.95466076305;0.0;4835.795274823406;2423.716138791859;6754.158037654184;0.0;6754.158037654184;11.482068664012349;5782.322674525252;-1.6353807478617632;-1.1013383022928793;16.49866169770712
1991-10-31;13.749416853133383;5.96258314686662;5602.859353355087;4763.797067670257;0.0;4751.848761397354;5039.781852625388;9643.76031133963;0.0;9643.76031133963;16.39439252927771;5593.334492454383;-6.869531628573739;4.597296461958146;15.197296461958144
1991-11-01;12.375682727863776;5.2573172721362225;5043.065496277007;5043.220944278157;0.0;5030.571801674434;3085.0268926245762;11295.31852981463;0.0;11295.31852981463;19.202041500685265;5034.492284933336;-10.628830157014601;9.793166493544433;23.793166493544433
1991-11-02;4.266810347445989;-0.8018103474459893;1738.7165230016253;1473.707726945447;0.0;1470.0114504189362;3812.1257474452977;3475.9695268801574;0.0;3475.9695268801574;5.909148195696389;1735.7607049125224;-2.953330106593512;10.498463396313923;10.898463396313923
1991-11-03;7.47071305227124;1.1532869477287586;3044.3003472987934;2385.1463631553456;0.0;2379.1640639835173;2616.2203499620773;1590.0975754368972;0.0;1590.0975754368972;2.7031658782427805;3039.1250367083853;2.472144712165336;6.601874203160745;8.901874203160745
1991-11-04;12.1168391906466;4.3611608093533984;4937.587282252078;4016.9929343115423;0.0;4006.9177230476175;1584.0770629730057;3874.3943897662384;0.0;3874.3943897662384;6.58647046260274;4929.193383872249;1.807427917226157;5.602263089743642;12.002263089743643
1991-11-05;10.09551236763334;2.840487632366661;4113.900720306984;3226.5052423683096;0.0;3218.4126909268184;1616.581819993201;2793.363674411609;0.0;2793.363674411609;4.748718246499832;4106.907089082462;2.2449129780219454;0.20275434866903996;12.80275434866904
1991-11-06;13.898101466125878;5.736898533874124;5663.448030206144;4863.505561341342;0.0;4851.307171447439;1355.1770019946262;5024.926760233;0.0;5024.926760233;8.542375492396275;5653.820168554793;1.0854861589546658;5.201588712685063;15.501588712685063
1991-11-07;10.013170725901393;2.9228292740986084;4080.3466690714718;3598.6458019882816;0.0;3589.619867088228;828.3160068662011;3411.572745273329;0.0;3411.572745273329;5.799673666964778;4073.41007973405;1.1369156704567596;8.902722383440755;15.102722383440755
1991-11-08;12.360279867120084;4.348720132879914;5036.788861907125;4492.645169043499;0.0;4481.3769517595365;1712.9099238170604;5086.259036262056;0.0;5086.259036262056;8.646640361645671;5028.226320841883;-0.08409929640374081;5.699902618842402;17.599902618842403
1991-11-09;13.0825775036961;5.4744224963039025;5331.123677137775;5158.944902897168;0.0;5146.005507522167;1758.012871477582;7605.140098179199;0.0;7605.140098179199;12.928738166904903;5322.0607668866405;-3.8658279157701223;10.395638483063257;20.995638483063257
1991-11-10;11.92769157385398;4.31930842614602;4860.510013795428;4484.176892328342;0.0;4472.929914732459;1812.4407290881943;6258.783481731442;0.0;6258.783481731442;10.63993191894367;4852.247146771975;-2.3770648954910705;6.997398676757847;19.197398676757846
1991-11-11;13.016756384330982;4.2312436156690145;5304.301705106349;4556.949611234725;0.0;4545.520108917187;1854.7672459170699;3880.962127667865;0.0;3880.962127667865;6.597635617035506;5295.284392207668;2.419677281645251;3.50258752839834;16.30258752839834
1991-11-12;15.225961020623377;5.872038979376622;6204.548093163559;5279.998541135201;0.0;5266.755525365677;3925.7437137007537;6639.902382944716;0.0;6639.902382944716;11.287834051006248;6194.000361405181;-0.7401022926280714;4.499626072934307;15.299626072934307
1991-11-13;15.387553759262461;6.865446240737539;6270.396804915428;5558.529081102524;0.0;5544.58746962235;4419.550966290372;11509.1383545858;0.0;11509.1383545858;19.565535202796262;6259.737130347072;-8.90586063443984;7.496003177661132;16.29600317766113
1991-11-14;14.031844070173893;5.988155929826108;5717.947868856517;4792.476611524931;0.0;4780.456372722393;4758.948813820284;11171.22714337448;0.0;11171.22714337448;18.991086143737007;5708.227357479461;-9.27057476668098;2.7961362170378754;15.196136217037875
1991-11-15;14.064285636407648;6.032714363592353;5731.167740997411;4797.568566912043;0.0;4785.535556733725;2004.1601414273546;6522.3993709833385;0.0;6522.3993709833385;11.088078930671902;5721.424755837715;-1.3450937709756836;5.998668818612371;13.498668818612371
1991-11-16;15.305812767250051;7.02418723274995;6237.08751721681;5423.607204939989;0.0;5410.003997442269;4012.878706865527;11420.0368185585;0.0;11420.0368185585;19.414062591549847;6226.484468437541;-8.8110138122812;4.895645012177174;16.395645012177173
1991-11-17;14.374512413785908;6.184487586214092;5857.5845206951535;5575.527796776373;0.0;5561.543550007954;2878.9774734556804;10355.353824043723;0.0;10355.353824043723;17.60410150087469;5847.626627009971;-7.64620781569252;8.894732252779134;20.494732252779134
1991-11-18;13.76141211600369;4.87258788399631;5607.747398534511;5095.470841273584;0.0;5082.690648215116;4444.249789582811;8554.702572014241;0.0;8554.702572014241;14.542994372424507;5598.214227957003;-5.009823794915681;10.897764158121033;15.897764158121033
1991-11-19;10.512550317320667;2.962449682679333;4283.842835093996;4054.2288387410467;0.0;4044.0602343320834;3426.858021028542;8327.733093583422;0.0;8327.733093583422;14.157146259092107;4276.560302274336;-6.87461343943257;7.9960210428040135;20.496021042804013
1991-11-20;10.878994658485695;3.2120053415143053;4433.168157492133;4018.4421873676965;0.0;4008.363341163169;5152.427561154802;10123.884640261598;0.0;10123.884640261598;17.210603888445068;4425.631771624397;-9.674218020708569;4.996275902250319;18.896275902250316
1991-11-21;15.711646148925734;7.157353851074267;6402.463793368269;5914.877581507712;0.0;5900.042195384694;2983.038086800913;10689.89984819633;0.0;10689.89984819633;18.172829741934134;6391.579604919542;-7.288641293207643;4.695153760481701;20.195153760481702
1991-11-22;14.128520683997621;6.276479316002379;5757.343392012071;5556.938633515744;0.0;5543.001011112898;3928.6840250946757;14577.03909339748;0.0;14577.03909339748;24.780966458776224;5747.55590824565;-14.993482692355887;3.292430407199341;23.39243040719934
1991-11-23;9.865541741397479;2.8394582586025208;4020.188158678679;3574.311778204193;0.0;3565.3468766279566;2938.3063551250025;7789.493145801529;0.0;7789.493145801529;13.24213834786287;4013.353838808925;-6.407818478108943;9.595674560698857;15.195674560698857
1991-11-24;16.412651067008607;6.6873489329913935;6688.1218691966615;5789.9073088057;0.0;5775.385366574612;2310.9099803652152;6740.811036160946;0.0;6740.811036160946;11.459378761473843;6676.752062019027;-0.08957158383948638;3.5999231216026275;16.699923121602627
1991-11-25;11.964218741603945;4.282781258396055;4875.394760229806;4281.871464807658;0.0;4271.131899088132;2363.1930115951977;7308.925576975114;0.0;7308.925576975114;12.425173480857948;4867.106589137415;-4.137002388466781;2.8965278084658275;17.79652780846583
1991-11-26;11.552844533858213;3.847155466141787;4707.760608744178;3898.449531375195;0.0;3888.671644465098;2645.5213802371018;6133.770701348005;0.0;6133.770701348005;10.427410192291822;4699.757415709313;-2.424217157426787;7.498182487774477;11.798182487774477
1991-11-27;11.646320133384403;3.7536798666155975;4745.851725095519;3880.984976532847;0.0;3871.2508933043964;4945.974754356321;8302.106791627677;0.0;8302.106791627677;14.11358154576734;4737.7837771628565;-6.045633613104622;1.997575584653136;14.197575584653135
1991-11-28;5.482733583558249;-0.24673358355824945;2234.202764286165;2001.7762096722104;0.0;1996.7554594380547;4579.993535746445;9997.411194266908;0.0;9997.411194266908;16.99559903025409;2230.404619586878;-13.197454330967396;10.794284655690854;14.894284655690853
1991-11-29;11.94146637651605;3.458533623483949;4866.123217814201;4137.36303112056;0.0;4126.985913884919;2697.804411467084;4053.782603270791;0.0;4053.782603270791;6.891430425560485;4857.8508083439165;1.380979044723916;8.001015298451849;13.201015298451848
1991-11-30;15.831264726851291;6.575735273148708;6451.2081201513;5575.172999179904;0.0;5561.189642296232;5374.695610442175;11894.329706590583;0.0;11894.329706590583;20.220360501204404;6440.241066347043;-9.253306696947028;3.596585240048934;16.596585240048935
1991-12-01;12.26091294231165;4.679087057688351;4996.297042506785;4974.229921964866;0.0;4961.753819029494;3733.0084298207325;13792.065167751196;0.0;13792.065167751196;23.446510785177512;4987.803337534523;-14.952805812915418;10.392055239336726;23.192055239336725
1991-12-02;12.736622584342614;4.203377415657387;5190.1477523808535;4281.590204668907;0.0;4270.851344391329;3136.981873798935;5414.078779859937;0.0;5414.078779859937;9.203933925762081;5181.324501201806;-0.3806827467146068;6.2997593043282;12.399759304328201
1991-12-03;6.6148588087702835;0.46914119122971637;2695.541486866456;2089.5493612476007;0.0;2084.308462992305;3785.2914610507146;3897.992762305932;0.0;3897.992762305932;6.62658769592022;2690.959066338783;-2.0441671682471263;4.29892888973952;9.99892888973952
1991-12-04;9.854235406066792;2.5427645939332106;4015.5808500679673;3206.2806612288773;0.0;3198.2388360224177;3827.1178860347004;6057.566094441336;0.0;6057.566094441336;10.297862360550482;4008.7543626228517;-3.4713749154348648;1.398200935322193;13.198200935322193
1991-12-05;10.960360519051793;3.3616394809482086;4466.324579890706;3611.025619227007;0.0;3601.9686339178224;4224.468923382566;7996.416976460156;0.0;7996.416976460156;13.593908859982543;4458.731828104892;-6.001157074168072;-0.002817604098790274;14.39718239590121
1991-12-06;9.633664741756848;2.6093352582431524;3925.698753772146;3622.8969393652656;0.0;3613.8101790327414;2530.498711531141;7654.505777071019;0.0;7654.505777071019;13.012659821021;3919.0250658907335;-6.338971939608339;10.095031448397298;17.5950314483973
1991-12-07;14.839731943920395;5.488268056079605;6047.160531344904;5428.932760783459;0.0;5415.3161960055295;2216.8005241512474;6418.723185018549;0.0;6418.723185018549;10.911829414531757;6036.880358441617;-0.6316565112455006;9.899434839946274;15.699434839946273
1991-12-08;7.493828687671876;0.9761713123281252;3053.719921626681;2711.1062613934837;0.0;2704.3064066789843;1599.860755637457;3540.2982234444344;0.0;3540.2982234444344;6.018506979855662;3048.5285977599156;-0.8271831130903742;10.798974497861629;14.198974497861627
1991-12-09;12.808622072703036;4.439377927296961;5219.487397189501;4917.053740907445;0.0;4904.721044274458;1432.5550557015135;5899.98350432714;0.0;5899.98350432714;10.029971957356343;5210.614268614279;-1.1568433821344168;9.598398303079035;19.398398303079034
1991-12-10;16.625679438230776;6.551320561769228;6774.930496426558;5968.22833513744;0.0;5953.259137448732;2164.5174929212653;6640.931373248619;0.0;6640.931373248619;11.289583334522883;6763.413114582633;0.22779850940236734;3.900208740574241;17.600208740574242
1991-12-11;16.109379694852947;6.605620305147052;6564.53940295556;5848.473038362756;0.0;5833.804204636522;6148.484472645912;13491.238704326928;0.0;13491.238704326928;22.935105797356247;6553.379685970535;-11.775388812331531;6.796201393812389;16.996201393812388
1991-12-12;7.2950862088760635;0.8669137911239357;2972.732766453163;2591.587537103467;0.0;2585.0874529927273;2373.6496178411944;4285.5893594311565;0.0;4285.5893594311565;7.285501911033116;2967.6791207501924;-2.2318562080624176;10.79813505213711;12.79813505213711
1991-12-13;12.922008334541557;4.171991665458444;5265.692067865345;4463.643989609645;0.0;4452.448511564829;1610.3173618834533;4344.298943338015;0.0;4344.298943338015;7.385308203674778;5256.740391349974;1.5663683116964409;3.8019292988663977;15.4019292988664
1991-12-14;7.632513566737871;1.1454864332621295;3110.2337272770455;2619.0186074909116;0.0;2612.449722206292;2499.1288927931514;5208.463643793936;0.0;5208.463643793936;8.854388194449873;3104.9463299406743;-3.5669908580786593;3.3971690614872494;15.19716906148725
1991-12-15;13.49546359147805;4.90753640852195;5499.373916657722;4642.024366071821;0.0;4630.3814837104965;6336.703385073848;11130.238152916849;0.0;11130.238152916849;18.92140485995903;5490.024980999403;-9.572469201640406;6.997003752429213;13.397003752429212
1991-12-16;16.483172299555385;7.155827700444613;6716.85912777318;5836.611642872019;0.0;5821.972559276644;2833.740292665038;8555.96499226318;0.0;8555.96499226318;14.545140486847703;6705.440467255966;-3.1264799696332553;8.697811670569564;14.197811670569564
1991-12-17;16.723154662272126;7.223845337727876;6814.651451618633;5746.884272625872;0.0;5732.470238520542;1798.5362743113894;6620.082375591859;0.0;6620.082375591859;11.25414003850639;6803.066544150881;0.33076742924530045;1.9003647712759848;15.900364771275985
1991-12-18;17.34911284103693;7.8298871589630705;7069.728134081878;6321.733539980295;0.0;6305.87769905374;2227.257130397244;8618.570059588397;0.0;8618.570059588397;14.651569101300575;7057.709596253939;-2.633031273361249;2.097655216467748;19.09765521646775
1991-12-19;14.908432384265843;6.420567615734158;6075.1558208092265;5978.775055974087;0.0;5963.779405552624;2520.0421052851443;10792.598229068617;0.0;10792.598229068617;18.347416989417024;6064.82805591385;-8.019652094040747;6.493688031438686;23.793688031438688
1991-12-20;9.432211403416916;2.579788596583084;3843.6069288577487;4025.09721155346;0.0;4015.0016735658664;2446.8458615631694;10586.499897237962;0.0;10586.499897237962;17.997049825304902;3837.07279707869;-11.462918046246404;11.490708075520192;26.89070807552019
1991-12-21;12.81275513626907;4.589244863730931;5221.1716121715845;5573.2787224370895;0.0;5559.300116679119;2655.977986483098;11843.013803936588;0.0;11843.013803936588;20.133123466692613;5212.295620430893;-11.257131726001152;11.091593400206309;28.691593400206308
1991-12-22;18.29432762059728;8.270672379402722;7454.901230887236;7987.447098416458;0.0;7967.413401994296;4684.55959820641;19943.494041592407;0.0;19943.494041592407;33.90393987070779;7442.2278987947275;-21.230607778199143;11.49101101295611;28.891011012956106
1991-12-23;17.508986699712924;7.208013300287079;7134.876405750988;6683.031371053302;0.0;6666.269341831973;6838.620484881678;15623.195890396757;0.0;15623.195890396757;26.55943301367503;7122.747115861211;-14.430143123897746;11.095814770944775;18.095814770944777
1991-12-24;17.325570005175354;8.23842999482465;7060.134476436574;6870.872810115962;0.0;6853.639646836489;2540.9553177771377;11286.218008889526;0.0;11286.218008889526;19.186570615112586;7048.132247826632;-7.184342005170592;9.39439201212222;21.894392012122218
1991-12-25;12.18823441383369;3.9047655861663104;4966.680690233777;4822.567191596398;0.0;4810.471481177097;3231.091330012903;9318.410360331929;0.0;9318.410360331929;15.841297612564604;4958.237333060379;-7.3979404391666055;12.495458715685782;20.095458715685783
1991-12-26;13.916567032596427;5.025432967403573;5670.972710919489;5660.90103722442;0.0;5646.70266176624;1327.988993241549;6638.776743503344;0.0;6638.776743503344;11.285920463955916;5661.332057310926;-1.6452668553926184;13.89754269553848;21.597542695538483
1991-12-27;14.169743772527578;4.926256227472422;5774.141716596405;6251.243515712937;0.0;6235.564474172914;3001.045992600981;12504.493083450896;0.0;12504.493083450896;21.257638241866957;5764.325675678191;-11.441597323653227;13.89243809697243;28.992438096972432
1991-12-28;13.160479708232124;4.164520291767876;5362.8686667612565;5540.185934165343;0.0;5526.290330005484;3910.7707360026725;11849.827723220344;0.0;11849.827723220344;20.144707129474998;5353.751790027763;-11.027830395981116;14.19440700002523;24.49440700002523
1991-12-29;5.548727775404334;-0.15872777540433353;2261.095263000951;1974.1709941188851;0.0;1969.219481840393;3868.9443110186867;1316.1139960792568;0.0;1316.1139960792568;2.2373937933347823;2257.2514010538493;1.606468153766904;10.100823562831197;13.500823562831197
1991-12-30;6.62194522801634;0.4620547719836597;2698.429188270717;2513.1885866653065;0.0;2506.8851386954443;2164.5174929212653;5305.670216341222;0.0;5305.670216341222;9.019639367780263;2693.841858650657;-4.4323097477200175;10.395938503353767;18.095938503353768
1991-12-31;6.758797248276795;0.47920275172320526;2754.1961076922553;2480.457661455014;0.0;2474.236307477287;2697.804411467084;3535.363833508246;0.0;3535.363833508246;6.010118516964141;2749.513974309178;-1.3279851338869975;12.599023662773403;13.799023662773404
1992-01-01;12.333473010927825;3.759526989072174;5025.865122627476;4413.163365174464;0.0;4402.094499987633;2718.717623959077;5376.475533892111;0.0;5376.475533892111;9.140008407616776;5017.321151919009;-0.5960376991497895;9.599565162767565;14.299565162767566
1992-01-02;15.562443448182961;6.305556551817038;6341.663996814572;5427.948121498181;0.0;5414.33402634093;1495.2946931774925;5784.38585442929;0.0;5784.38585442929;9.833455952529993;6330.883168019986;0.9473728420554384;5.201256641027636;15.301256641027637
1992-01-03;17.723611978306728;8.302388021693272;7222.335769481144;6559.623547589614;0.0;6543.171043406877;2886.0233238950204;10597.62085465579;0.0;10597.62085465579;18.01595545291521;7210.057798673026;-5.7379846447972405;4.796056547254571;19.096056547254573
1992-01-04;17.41291341765423;8.151086582345771;7095.726739060403;6790.758177672284;0.0;6773.725953717427;3931.6839484946654;14162.242256481826;0.0;14162.242256481826;24.075811836019597;7083.664003604;-12.013076379616535;9.093939719376554;20.793939719376553
1992-01-05;17.813164154855983;8.135835845144017;7258.828098963318;7416.7182013070305;0.0;7398.115977209275;2195.8873116592545;11092.351816191751;0.0;11092.351816191751;18.856998087526364;7246.4880911950795;-6.516990319288226;8.594113541012636;25.894113541012633
1992-01-06;8.685600761970734;1.7093992380292644;3539.3646136800053;3313.0827738777884;0.0;3304.773073206779;4810.038873158367;9800.873064581829;0.0;9800.873064581829;16.66148420978945;3533.347693836749;-10.644564366533103;8.895610688507524;19.295610688507523
1992-01-07;15.755437436474033;6.651562563525967;6420.308653819899;6891.334053435153;0.0;6874.049570336967;3126.5252675529387;14481.55131634108;0.0;14481.55131634108;24.61863723778034;6409.394129108405;-13.704112526286472;14.091306271584752;28.091306271584756
1992-01-08;17.10196920120658;7.07603079879342;6969.017604403659;7563.99969391069;0.0;7545.028066087931;4036.25001095463;17251.363463707217;0.0;17251.363463707217;29.32731788830287;6957.170274476172;-17.47998796081637;14.991410257085189;28.79141025708519
1992-01-09;16.25540032057229;6.844599679427714;6624.042510420655;6619.784162507971;0.0;6603.180766622167;2739.63083645107;10993.884716214649;0.0;10993.884716214649;18.689604017565284;6612.78163815294;-7.428731749850225;13.894621765597476;21.694621765597475
1992-01-10;14.157002875012378;4.7079971249876245;5768.94982681841;5655.657721708654;0.0;5641.472497259802;2446.8458615631694;7607.6579454573875;0.0;7607.6579454573875;12.933018507277824;5759.142612112818;-3.1258038016859917;10.397466200774813;21.997466200774813
1992-01-11;12.151096110674391;3.7109038893256105;4951.546907365278;4934.534106083444;0.0;4922.157566114161;6117.114653907924;14668.063015107504;0.0;14668.063015107504;24.935707125683265;4943.1292776227565;-16.518077383162208;14.894644130683767;20.794644130683768
1992-01-12;9.32930921215096;2.1436907878490405;3801.674495579038;4009.2297823478293;0.0;3999.1740422150183;5008.7143918323;15821.453490785934;0.0;15821.453490785934;26.89647093433664;3795.2116489365535;-20.43362429185195;15.591908365977014;25.691908365977014
1992-01-13;17.592277942609908;7.971722057390095;7168.817417526449;7920.330975625737;0.0;7900.465616347151;5186.4766980142385;23340.713907780202;0.0;23340.713907780202;39.67921364322716;7156.630427916654;-27.492224033432066;17.089486325211453;29.68948632521145
1992-01-14;17.04714048010924;8.516859519890765;6946.675012269453;7412.564291865815;0.0;7393.972486386133;4674.102991960413;21485.785729606803;0.0;21485.785729606803;36.52583574033231;6934.865664748595;-24.716488219474357;14.189511688352809;27.48951168835281
